Activity ID,Date,Person,Call Connect,Pitch,Disposition,Customer Account ID,Outcome,,,,
00034tQ,9/11/2024,,No Answer,N/A,N/A,17482,#N/A,,,,
00kh6E5,9/3/2024,,No Answer,N/A,N/A,76518,#N/A,,,,
01pElO8,9/12/2024,Owner,Connected,AI,No interest,10898,Loss,,,,
026tfz5,9/12/2024,,No Answer,N/A,N/A,53359,#N/A,,,,
02cNE8F,9/3/2024,Manager,Connected,Operator,Deferred to Other Stakeholder,26600,Open,,,,
0498JpwY8S,9/6/2024,Owner,Connected,AI,Engaged,29419,Loss,,,,
04n43O0,9/5/2024,,No Answer,N/A,N/A,33786,#N/A,,,,
05cdPMN,9/6/2024,,No Answer,N/A,N/A,85513,#N/A,,,,
06Q6UJH,9/9/2024,Manager,Connected,Operator,No Interest,97655,Loss,,,,
06RHo83,9/6/2024,,No Answer,N/A,N/A,40510,#N/A,,,,
07IT4x0,9/5/2024,Manager,Connected,Smooth,No Interest,57549,Loss,,,,
07XTDXe8Lq,9/5/2024,Manager,Connected,Smooth,No Interest,97786,Loss,,,,
08TMuuE,9/13/2024,,No Answer,N/A,N/A,18109,#N/A,,,,
0aUaItG,9/11/2024,,No Answer,N/A,N/A,65981,#N/A,,,,
0B20qCI,9/3/2024,Manager,Connected,Operator,Deferred to Other Stakeholder,56722,Open,,,,
0B9hWB0,9/3/2024,Manager,Connected,AI,Deferred to Other Stakeholder,34482,Open,,,,
0BiMO0I,9/13/2024,,No Answer,N/A,N/A,24007,#N/A,,,,
0D0NaZC,9/5/2024,Manager,Connected,AI,No Interest,99342,Loss,,,,
0D29OY2,9/2/2024,Manager,Connected,Smooth,No Interest,64191,Loss,,,,
0HoT942,9/5/2024,Manager,Connected,Operator,Deferred to Other Stakeholder,20434,Open,,,,
0jtTU3E,9/12/2024,Manager,Connected,Smooth,No Interest,64215,Loss,,,,
0kFq3lF,9/9/2024,,No Answer,N/A,N/A,10820,#N/A,,,,
0KlzO2pz03,9/11/2024,Manager,Connected,AI,No Interest,18636,Loss,,,,
0m8P98Y,9/11/2024,Manager,Connected,Operator,No Interest,55492,Loss,,,,
0M9c0o4,9/5/2024,Manager,Connected,Operator,No Interest,36110,Loss,,,,
0NOTA4aW2W,9/4/2024,Manager,Connected,Operator,No Interest,37254,Loss,,,,
0OsS46oqNs,9/2/2024,Manager,Connected,Operator,No Interest,15889,Loss,,,,
0RSUyR7,9/13/2024,,No Answer,N/A,N/A,11661,#N/A,,,,
0t31494,9/4/2024,,No Answer,N/A,N/A,15041,#N/A,,,,
0t7B9DT,9/5/2024,,No Answer,N/A,N/A,54823,#N/A,,,,
0Tq4boR,9/11/2024,Manager,Connected,Operator,Deferred to Other Stakeholder,68194,Open,,,,
0V586Kd43g,9/3/2024,,No Answer,N/A,N/A,35026,#N/A,,,,
0VdsG7vp1g,9/10/2024,,No Answer,N/A,N/A,72918,#N/A,,,,
0VFJGnX,9/11/2024,,No Answer,N/A,N/A,27566,#N/A,,,,
0vvdjn1,9/4/2024,Manager,Connected,Smooth,No Interest,65162,Loss,,,,
0W8L1Fs0Zs,9/3/2024,,No Answer,N/A,N/A,71760,#N/A,,,,
0wH33urw4P,9/12/2024,Owner,Connected,AI,Engaged,70282,Open,,,,
0wo095drW2,9/12/2024,,No Answer,N/A,N/A,11992,#N/A,,,,
0xr7kae269,9/12/2024,Manager,Connected,Smooth,Deferred to Other Stakeholder,58433,Loss,,,,
0zi9Lw3,9/3/2024,,No Answer,N/A,N/A,62995,#N/A,,,,
0zk0yn3,9/5/2024,Owner,Connected,AI,No Interest,28249,Loss,,,,
0zu4kq2,9/13/2024,Manager,Connected,Operator,Engaged,28568,Open,,,,
12257vX,9/9/2024,,No Answer,N/A,N/A,15354,#N/A,,,,
12VdLYyTCx,9/12/2024,Manager,Connected,Operator,Deferred to Other Stakeholder,81175,Open,,,,
131RhqS,9/13/2024,Owner,Connected,Operator,Engaged,65321,Open,,,,
14lwn5vn0C,9/12/2024,Manager,Connected,Operator,No Interest,34526,Loss,,,,
156t905,9/6/2024,Manager,Connected,Smooth,Deferred to Other Stakeholder,70431,Loss,,,,
15su0pT,9/5/2024,Manager,Connected,Smooth,No Interest,71476,Loss,,,,
166cPfJ,9/3/2024,,No Answer,N/A,N/A,41747,#N/A,,,,
168z4U8,9/2/2024,,No Answer,N/A,N/A,43988,#N/A,,,,
16i2aO7,9/11/2024,Manager,Connected,Operator,Deferred to Other Stakeholder,14887,Open,,,,
185vPd2,9/6/2024,Manager,Connected,Operator,No Interest,35022,Loss,,,,
18feO5D,9/6/2024,Owner,Connected,Operator,Engaged,53968,Open,,,,
199DcYv8v6,9/2/2024,Owner,Connected,AI,Engaged,32755,Loss,,,,
1Ad5tG8,9/11/2024,,No Answer,N/A,N/A,30153,#N/A,,,,
1b1KUWpP3N,9/5/2024,Manager,Connected,Operator,No Interest,86162,Loss,,,,
1B3NgQ4,9/12/2024,Owner,Connected,Smooth,No interest,59034,Loss,,,,
1BEwT0bzcD,9/2/2024,,No Answer,N/A,N/A,91418,#N/A,,,,
1DKv545,9/5/2024,,No Answer,N/A,N/A,78465,#N/A,,,,
1dRE925,9/10/2024,Manager,Connected,Smooth,Deferred to Other Stakeholder,64014,Loss,,,,
1drok42,9/5/2024,Manager,Connected,Operator,Engaged,38343,Loss,,,,
1EtMatvJmG,9/3/2024,Manager,Connected,Smooth,Deferred to Other Stakeholder,32361,Open,,,,
1EV7IPnBh5,9/13/2024,Manager,Connected,Smooth,No Interest,19380,Loss,,,,
1f3v1pW,9/13/2024,Owner,Connected,AI,No interest,87232,Loss,,,,
1isq04sG61,9/13/2024,Manager,Connected,Operator,Engaged,92102,Win,,,,
1kfgSYmc29,9/3/2024,Owner,Connected,Operator,Deferred to Other Stakeholder,39158,Open,,,,
1KkNYt1,9/13/2024,Manager,Connected,AI,Engaged,60437,Win,,,,
1KkNYt6,9/13/2024,Owner,Connected,AI,Engaged,60437,Win,,,,
1MjmaXF,9/9/2024,Manager,Connected,AI,No Interest,72377,Loss,,,,
1N4574wH9n,9/12/2024,,No Answer,N/A,N/A,20513,#N/A,,,,
1o6D45T,9/10/2024,Owner,Connected,Operator,No interest,61213,Loss,,,,
1Oj1DmkGCC,9/4/2024,,No Answer,N/A,N/A,87476,#N/A,,,,
1p4KiLF,9/12/2024,,No Answer,N/A,N/A,93247,#N/A,,,,
1qSvOqM,9/13/2024,,No Answer,N/A,N/A,89548,#N/A,,,,
1REHzqJ,9/10/2024,Owner,Connected,Operator,Engaged,61147,Open,,,,
1RJl77tKZM,9/6/2024,Manager,Connected,AI,No Interest,21261,Loss,,,,
1uQ8Q25,9/5/2024,Manager,Connected,Smooth,No Interest,57186,Loss,,,,
1vsfZG9,9/6/2024,Manager,Connected,Operator,No Interest,35257,Loss,,,,
1x1Ng2jYo4,9/9/2024,,No Answer,N/A,N/A,60472,#N/A,,,,
1ZUyjXnVXG,9/11/2024,,No Answer,N/A,N/A,15303,#N/A,,,,
20FkgVG,9/12/2024,,No Answer,N/A,N/A,62938,#N/A,,,,
21691U4,9/11/2024,Owner,Connected,AI,No Interest,39377,Loss,,,,
23K3O4U,9/10/2024,,No Answer,N/A,N/A,84730,#N/A,,,,
25S9i22,9/13/2024,Manager,Connected,Operator,No Interest,44349,Loss,,,,
26TAbHO,9/5/2024,Owner,Connected,AI,No interest,59675,Loss,,,,
27c0ChlKsI,9/2/2024,Manager,Connected,Operator,Deferred to Other Stakeholder,18149,Open,,,,
2aeUUva9O5,9/4/2024,,No Answer,N/A,N/A,22897,#N/A,,,,
2B0790Z,9/5/2024,Manager,Connected,Smooth,No Interest,96565,Loss,,,,
2BP4L8bzZh,9/13/2024,,No Answer,N/A,N/A,19952,#N/A,,,,
2c2nfOQ,9/9/2024,Manager,Connected,AI,Deferred to Other Stakeholder,23317,Loss,,,,
2c8gU0D,9/2/2024,Manager,Connected,Operator,Deferred to Other Stakeholder,85841,Open,,,,
2dN5HS7,9/4/2024,Owner,Connected,Operator,Engaged,54519,Loss,,,,
2E8i1Hk1tW,9/3/2024,Manager,Connected,Smooth,No Interest,79723,Loss,,,,
2eL1o7b9Pg,9/12/2024,Manager,Connected,Smooth,Deferred to Other Stakeholder,91828,Loss,,,,
2H218HpxW3,9/5/2024,Manager,Connected,Smooth,Deferred to Other Stakeholder,56716,Open,,,,
2JkybrfP4A,9/2/2024,Manager,Connected,Operator,No Interest,66568,Loss,,,,
2mFcKW5,9/12/2024,Manager,Connected,AI,No Interest,16938,Loss,,,,
2r37T6ee4c,9/3/2024,,No Answer,N/A,N/A,60458,#N/A,,,,
2sdKYy4,9/3/2024,,No Answer,N/A,N/A,42555,#N/A,,,,
2tqZ5w7,9/4/2024,Owner,Connected,Smooth,Engaged,27933,Loss,,,,
2VlFVd0,9/11/2024,Manager,Connected,Smooth,No Interest,12090,Loss,,,,
2vp4sX7,9/5/2024,,No Answer,N/A,N/A,11620,#N/A,,,,
2zIyx4ao3R,9/6/2024,Manager,Connected,Smooth,No Interest,14733,Loss,,,,
2ZzHb4K,9/9/2024,,No Answer,N/A,N/A,87088,#N/A,,,,
32gpKZO,9/10/2024,Owner,Connected,Smooth,Engaged,60169,Open,,,,
345u0LsrcW,9/13/2024,Owner,Connected,Smooth,Engaged,79789,Open,,,,
34Mln9aK1o,9/9/2024,Manager,Connected,Operator,No Interest,66954,Loss,,,,
34N0WqpUMy,9/4/2024,,No Answer,N/A,N/A,82050,#N/A,,,,
3772G59,9/6/2024,,No Answer,N/A,N/A,59721,#N/A,,,,
37pA9V8,9/2/2024,,No Answer,N/A,N/A,24631,#N/A,,,,
38yi7b0,9/10/2024,,No Answer,N/A,N/A,12953,#N/A,,,,
38ZCS7w78I,9/6/2024,,No Answer,N/A,N/A,41220,#N/A,,,,
3BPYz91,9/6/2024,,No Answer,N/A,N/A,50449,Loss,,,,
3e5CjBsdBi,9/4/2024,Manager,Connected,Smooth,No Interest,64202,Loss,,,,
3EH386K,9/6/2024,,No Answer,N/A,N/A,21941,#N/A,,,,
3G97OJM,9/10/2024,,No Answer,N/A,N/A,41683,#N/A,,,,
3GT4632,9/4/2024,Owner,Connected,Smooth,Engaged,91103,Open,,,,
3gz18KB,9/9/2024,,No Answer,N/A,N/A,32370,#N/A,,,,
3h674YC,9/9/2024,,No Answer,N/A,N/A,24626,#N/A,,,,
3i03iH1,9/2/2024,Manager,Connected,AI,No Interest,80100,Loss,,,,
3i251hfczt,9/4/2024,Manager,Connected,AI,Deferred to Other Stakeholder,72298,Loss,,,,
3I2Z6D2,9/13/2024,Manager,Connected,Smooth,No Interest,75943,Loss,,,,
3l4fa3z23j,9/10/2024,Manager,Connected,Operator,No Interest,36150,Loss,,,,
3n3rq0V,9/6/2024,,No Answer,N/A,N/A,33019,#N/A,,,,
3nD3960,9/2/2024,,No Answer,N/A,N/A,35551,#N/A,,,,
3nG2L95,9/2/2024,Manager,Connected,AI,No Interest,21828,Loss,,,,
3o3GQZeu0a,9/13/2024,Manager,Connected,Smooth,No Interest,69899,Loss,,,,
3o83Rm2,9/10/2024,Manager,Connected,AI,Deferred to Other Stakeholder,65989,Loss,,,,
3q08TDC,9/5/2024,Manager,Connected,Smooth,No Interest,77688,Loss,,,,
3U1P33r9f2,9/2/2024,Manager,Connected,Smooth,No Interest,95299,Loss,,,,
3u9R7DU,9/10/2024,,No Answer,N/A,N/A,92388,#N/A,,,,
3Ut885o59r,9/2/2024,,No Answer,N/A,N/A,31329,#N/A,,,,
3VSb8To8X9,9/10/2024,,No Answer,N/A,N/A,79683,#N/A,,,,
3yCC3V9,9/5/2024,,No Answer,N/A,N/A,32374,#N/A,,,,
3Zdhva8,9/13/2024,Manager,Connected,AI,No Interest,73194,Loss,,,,
406Z4b3,9/6/2024,Manager,Connected,Smooth,No Interest,16698,Loss,,,,
429D9ulSwK,9/6/2024,Manager,Connected,AI,Deferred to Other Stakeholder,59348,Loss,,,,
42J7i8kT5k,9/3/2024,Manager,Connected,Operator,No Interest,45721,Loss,,,,
42om4iv79L,9/11/2024,Owner,Connected,AI,Engaged,55501,Open,,,,
42U2KY0,9/12/2024,,No Answer,N/A,N/A,57270,#N/A,,,,
45C9r2i68o,9/6/2024,Owner,Connected,AI,Engaged,15642,Win,,,,
45qGLs9,9/6/2024,Manager,Connected,Operator,Deferred to Other Stakeholder,44219,Open,,,,
46TN1fT,9/6/2024,,No Answer,N/A,N/A,88124,#N/A,,,,
4a5LIy9,9/3/2024,Manager,Connected,Operator,No Interest,74433,Loss,,,,
4Bmb30z49A,9/11/2024,Manager,Connected,AI,Deferred to Other Stakeholder,11467,Loss,,,,
4C7cH67,9/9/2024,,No Answer,N/A,N/A,88137,#N/A,,,,
4czW7EL,9/6/2024,Manager,Connected,AI,No Interest,94986,Loss,,,,
4eK2aE3,9/4/2024,,No Answer,N/A,N/A,12754,#N/A,,,,
4ezh55l78x,9/2/2024,,No Answer,N/A,N/A,74523,#N/A,,,,
4f7t501,9/11/2024,,No Answer,N/A,N/A,50472,#N/A,,,,
4Fvr4Max34,9/11/2024,,No Answer,N/A,N/A,81704,#N/A,,,,
4Gc2RVpkbe,9/5/2024,Owner,Connected,Smooth,Engaged,68828,Open,,,,
4hC5i8W,9/13/2024,Manager,Connected,Smooth,No Interest,65269,Loss,,,,
4i5yxKrfk4,9/13/2024,Manager,Connected,Operator,No Interest,13064,Loss,,,,
4jJ5C61,9/11/2024,,No Answer,N/A,N/A,63706,#N/A,,,,
4JKt6E8,9/12/2024,,No Answer,N/A,N/A,76241,#N/A,,,,
4lNTd04,9/11/2024,Manager,Connected,Operator,Deferred to Other Stakeholder,26061,Open,,,,
4lw1UJO,9/3/2024,Owner,Connected,Operator,No interest,34310,Loss,,,,
4OGsoUT,9/12/2024,Owner,Connected,Smooth,No interest,99709,Loss,,,,
4oR63QyVit,9/5/2024,Manager,Connected,Smooth,No Interest,70409,Loss,,,,
4QvbhGhj7O,9/2/2024,Owner,Connected,Smooth,Engaged,69878,Loss,,,,
4rAZz87,9/4/2024,Manager,Connected,Smooth,No Interest,65102,Loss,,,,
4S9Y8Dtl51,9/6/2024,Owner,Connected,Smooth,Engaged,93812,Open,,,,
4W8YVJ9,9/5/2024,Owner,Connected,Smooth,Engaged,97627,Loss,,,,
4y6hmhC,9/6/2024,,No Answer,N/A,N/A,21123,#N/A,,,,
507o6ZB,9/2/2024,,No Answer,N/A,N/A,24823,#N/A,,,,
50fyT8H,9/2/2024,Manager,Connected,AI,No Interest,72754,Loss,,,,
51FxSzN,9/4/2024,Owner,Connected,Operator,No interest,36188,Loss,,,,
525i09y3nN,9/3/2024,Manager,Connected,Operator,No Interest,92445,Loss,,,,
52TUH63,9/4/2024,,No Answer,N/A,N/A,36774,#N/A,,,,
5381UwS,9/6/2024,Owner,Connected,Smooth,Engaged,36026,Open,,,,
540QY7K,9/9/2024,,No Answer,N/A,N/A,22285,#N/A,,,,
542IHCM,9/11/2024,,No Answer,N/A,N/A,51831,#N/A,,,,
548h5HC,9/13/2024,Manager,Connected,Operator,No Interest,62640,Loss,,,,
55G1u6O,9/6/2024,,No Answer,N/A,N/A,16259,#N/A,,,,
55U9S05,9/13/2024,Owner,Connected,AI,No interest,74187,Loss,,,,
56j33U1,9/9/2024,,No Answer,N/A,N/A,37935,#N/A,,,,
56x37A6,9/3/2024,,No Answer,N/A,N/A,97336,#N/A,,,,
5A2dPMq4lw,9/12/2024,,No Answer,N/A,N/A,97257,#N/A,,,,
5BH6ZXX,9/10/2024,Manager,Connected,Operator,No Interest,66319,Loss,,,,
5CG4z15,9/12/2024,Manager,Connected,Operator,Deferred to Other Stakeholder,43486,Open,,,,
5CrgWyjw5B,9/6/2024,Manager,Connected,Operator,Engaged,12068,Open,,,,
5CS80YP,9/5/2024,Owner,Connected,Smooth,Engaged,30249,Loss,,,,
5csP628,9/13/2024,,No Answer,N/A,N/A,22022,#N/A,,,,
5DMQ612,9/13/2024,Manager,Connected,Smooth,No Interest,79534,Loss,,,,
5DpM974,9/10/2024,Manager,Connected,Smooth,No Interest,94428,Loss,,,,
5f4rLzjacA,9/5/2024,Manager,Connected,AI,No Interest,82766,Loss,,,,
5G3F46rc3G,9/12/2024,Manager,Connected,Operator,No Interest,44305,Loss,,,,
5HongD3,9/6/2024,Manager,Connected,Operator,No Interest,34538,Loss,,,,
5IB21tZ,9/2/2024,Owner,Connected,AI,Engaged,91082,Open,,,,
5jD3LA7,9/10/2024,Manager,Connected,AI,No Interest,97081,Loss,,,,
5JEei1S,9/10/2024,Manager,Connected,Smooth,Deferred to Other Stakeholder,64767,Open,,,,
5Jtf54Y,9/13/2024,,No Answer,N/A,N/A,31111,#N/A,,,,
5L78YHP,9/6/2024,,No Answer,N/A,N/A,10136,#N/A,,,,
5ltU17U,9/13/2024,Manager,Connected,Operator,No Interest,39096,Loss,,,,
5Mb4k4xjEZ,9/6/2024,,No Answer,N/A,N/A,66573,Win,,,,
5MsAoSlX6b,9/2/2024,Manager,Connected,Smooth,No Interest,83395,Loss,,,,
5N95Bg5,9/4/2024,Manager,Connected,Smooth,No Interest,90539,Loss,,,,
5NQBMVI,9/13/2024,Owner,Connected,Operator,No interest,99072,Loss,,,,
5P8vtfY,9/13/2024,Manager,Connected,AI,Deferred to Other Stakeholder,99997,Loss,,,,
5PEU210,9/6/2024,Manager,Connected,AI,No Interest,51982,Loss,,,,
5pLbcMQ,9/10/2024,Manager,Connected,Smooth,No Interest,50449,Loss,,,,
5qkMRv9,9/3/2024,Manager,Connected,Operator,Deferred to Other Stakeholder,76842,Open,,,,
5SlA86M,9/10/2024,Manager,Connected,AI,No Interest,27716,Loss,,,,
5T6t71xXQU,9/3/2024,,No Answer,N/A,N/A,68617,#N/A,,,,
5u4dcQ5,9/3/2024,Manager,Connected,AI,Engaged,75084,Loss,,,,
5vbk261,9/4/2024,,No Answer,N/A,N/A,51571,#N/A,,,,
5w1TXY9,9/2/2024,Manager,Connected,Smooth,No Interest,90644,Loss,,,,
5WT7hGnPtO,9/6/2024,,No Answer,N/A,N/A,56049,#N/A,,,,
5x58ZoP,9/4/2024,,No Answer,N/A,N/A,15993,#N/A,,,,
61YazIM,9/10/2024,,No Answer,N/A,N/A,23164,#N/A,,,,
6455pQM,9/4/2024,Owner,Connected,Operator,Engaged,28617,Win,,,,
66625lU,9/3/2024,Manager,Connected,Smooth,No Interest,50068,Loss,,,,
66Wf8MM,9/13/2024,Manager,Connected,Operator,No Interest,37038,Loss,,,,
67b5M4kY51,9/13/2024,Manager,Connected,Operator,No Interest,80163,Loss,,,,
67M2IwD,9/12/2024,Owner,Connected,Smooth,Engaged,68388,Win,,,,
688qG22,9/2/2024,,No Answer,N/A,N/A,74613,#N/A,,,,
68NwCf6,9/4/2024,Manager,Connected,Smooth,No Interest,51186,Loss,,,,
6aW238vvx2,9/13/2024,Owner,Connected,Operator,Engaged,32430,Open,,,,
6BLb7BQ,9/3/2024,Manager,Connected,Smooth,Deferred to Other Stakeholder,26680,Loss,,,,
6DQNOnQ,9/11/2024,,No Answer,N/A,N/A,10021,#N/A,,,,
6fD9A49,9/4/2024,,No Answer,N/A,N/A,90277,#N/A,,,,
6ffEzCu0l4,9/4/2024,,No Answer,N/A,N/A,63467,#N/A,,,,
6i4J1XE,9/12/2024,Owner,Connected,Smooth,Engaged,62680,Open,,,,
6kx515unRK,9/3/2024,Manager,Connected,Smooth,Deferred to Other Stakeholder,53890,Open,,,,
6md0752,9/11/2024,Manager,Connected,AI,No interest,96289,Loss,,,,
6N495meY46,9/12/2024,Manager,Connected,AI,No Interest,52725,Loss,,,,
6PpxLlL,9/2/2024,,No Answer,N/A,N/A,51832,#N/A,,,,
6VF26O8,9/5/2024,,No Answer,N/A,N/A,51529,#N/A,,,,
6VI0LAS,9/4/2024,Manager,Connected,AI,Deferred to Other Stakeholder,40484,Open,,,,
6xjQi6bY83,9/6/2024,Manager,Connected,Smooth,No Interest,64985,Loss,,,,
6Xl00UF,9/12/2024,Manager,Connected,Operator,Deferred to Other Stakeholder,44579,Open,,,,
6yJLTl2,9/2/2024,Owner,Connected,Smooth,No interest,17735,Loss,,,,
6zPxAg2,9/9/2024,,No Answer,N/A,N/A,94444,Loss,,,,
6zQhq32,9/5/2024,,No Answer,N/A,N/A,60145,#N/A,,,,
706SEtp1F3,9/12/2024,Manager,Connected,Operator,No Interest,40418,Loss,,,,
70Nr775,9/12/2024,,No Answer,N/A,N/A,99069,#N/A,,,,
70PM2xx8w0,9/6/2024,Owner,Connected,AI,Engaged,85409,Loss,,,,
71C80mC,9/9/2024,Manager,Connected,Operator,No Interest,14470,Loss,,,,
71ikwvlVU3,9/10/2024,Owner,Connected,Smooth,Engaged,73883,Win,,,,
71Jks22,9/12/2024,Manager,Connected,Smooth,No Interest,58129,Loss,,,,
7209tN7,9/6/2024,,No Answer,N/A,N/A,41796,#N/A,,,,
72i0TWu2TK,9/3/2024,,No Answer,N/A,N/A,39540,#N/A,,,,
72us109,9/4/2024,,No Answer,N/A,N/A,56827,#N/A,,,,
73jWf44,9/9/2024,Manager,Connected,Operator,No Interest,41895,Loss,,,,
755ESB9,9/2/2024,Manager,Connected,Smooth,No Interest,80301,Loss,,,,
7666YitQ0t,9/12/2024,Owner,Connected,Smooth,Engaged,66095,Win,,,,
76g8x84,9/12/2024,Manager,Connected,Smooth,Deferred to Other Stakeholder,81125,Loss,,,,
777L12mduy,9/10/2024,Manager,Connected,Operator,Deferred to Other Stakeholder,60930,Open,,,,
77h1LbM,9/13/2024,Manager,Connected,Smooth,No Interest,16161,Loss,,,,
78l7d6V,9/2/2024,,No Answer,N/A,N/A,25913,#N/A,,,,
7bT5Qt9,9/13/2024,Manager,Connected,Smooth,Engaged,70123,Loss,,,,
7C0gQbqe97,9/3/2024,,No Answer,N/A,N/A,26069,#N/A,,,,
7cdsE6F,9/4/2024,,No Answer,N/A,N/A,86965,#N/A,,,,
7cpce76,9/9/2024,Manager,Connected,Operator,Deferred to Other Stakeholder,44370,Open,,,,
7d5FSIA,9/12/2024,Manager,Connected,Smooth,No Interest,92553,Loss,,,,
7dI5e5vLmX,9/3/2024,,No Answer,N/A,N/A,95324,#N/A,,,,
7Dn5Qw2,9/2/2024,,No Answer,N/A,N/A,83262,#N/A,,,,
7DT2X8G,9/12/2024,Manager,Connected,Operator,Deferred to Other Stakeholder,43854,Open,,,,
7FDWmTX,9/2/2024,Manager,Connected,Smooth,No Interest,91532,Loss,,,,
7hh269Y,9/3/2024,Manager,Connected,Operator,No Interest,37539,Loss,,,,
7HOeMIb348,9/2/2024,Manager,Connected,Operator,No Interest,47655,Loss,,,,
7ix8udjvwn,9/5/2024,Manager,Connected,Operator,No Interest,59767,Loss,,,,
7j6kiwvNSb,9/6/2024,,No Answer,N/A,N/A,93152,#N/A,,,,
7JOxQhfxE3,9/6/2024,Manager,Connected,Operator,No Interest,75413,Loss,,,,
7M9J5m9,9/6/2024,Owner,Connected,Operator,No interest,55853,Loss,,,,
7o16php4zS,9/4/2024,,No Answer,N/A,N/A,35806,#N/A,,,,
7O3YYMU,9/11/2024,,No Answer,N/A,N/A,85240,#N/A,,,,
7O6JvAb918,9/6/2024,,No Answer,N/A,N/A,25076,#N/A,,,,
7o9dUHK,9/9/2024,Manager,Connected,AI,Deferred to Other Stakeholder,65281,Loss,,,,
7P1sU38,9/11/2024,Manager,Connected,AI,No Interest,97956,Loss,,,,
7p8j418,9/2/2024,,No Answer,N/A,N/A,88263,#N/A,,,,
7pq3d5L,9/3/2024,Manager,Connected,AI,No interest,88259,Loss,,,,
7PUdACB,9/10/2024,,No Answer,N/A,N/A,57094,#N/A,,,,
7PV3R5b1R9,9/13/2024,Manager,Connected,Smooth,Deferred to Other Stakeholder,74818,Loss,,,,
7QlyU00,9/6/2024,Manager,Connected,Smooth,Deferred to Other Stakeholder,29849,Open,,,,
7T76poG,9/13/2024,,No Answer,N/A,N/A,92947,#N/A,,,,
7uaeWWZ,9/10/2024,Manager,Connected,Smooth,Deferred to Other Stakeholder,71727,Loss,,,,
7vJXI8Z,9/4/2024,,No Answer,N/A,N/A,89713,#N/A,,,,
7x1x597,9/3/2024,Manager,Connected,Operator,Deferred to Other Stakeholder,59142,Open,,,,
7ZI5rq5,9/10/2024,,No Answer,N/A,N/A,74350,#N/A,,,,
80R1r7N,9/9/2024,,No Answer,N/A,N/A,76629,#N/A,,,,
8173Ti4,9/12/2024,,No Answer,N/A,N/A,76921,#N/A,,,,
824yvXB,9/2/2024,Manager,Connected,Smooth,No Interest,20797,Loss,,,,
82Wsi30,9/13/2024,,No Answer,N/A,N/A,71300,#N/A,,,,
832ig4Z,9/11/2024,Manager,Connected,Smooth,No Interest,15632,Loss,,,,
838YTYK,9/10/2024,Owner,Connected,AI,Engaged,31433,Open,,,,
839hGVl7Ec,9/10/2024,Owner,Connected,AI,No Interest,60116,Loss,,,,
84YP3s7,9/11/2024,Owner,Connected,AI,No interest,85585,Loss,,,,
858WEj3,9/11/2024,Owner,Connected,Operator,Engaged,48193,Open,,,,
85AR5GU,9/4/2024,Owner,Connected,Smooth,Engaged,85913,Win,,,,
85c7lb2,9/2/2024,Manager,Connected,Operator,Deferred to Other Stakeholder,18438,Open,,,,
85cxIMaFd9,9/6/2024,,No Answer,N/A,N/A,96696,#N/A,,,,
86GaarL,9/12/2024,Owner,Connected,Operator,Engaged,91071,Open,,,,
87Q2aW0,9/12/2024,Manager,Connected,Smooth,Engaged,65538,Win,,,,
87Q2aW1,9/12/2024,Owner,Connected,Smooth,Engaged,65538,Win,,,,
882tdq5,9/2/2024,,No Answer,N/A,N/A,32447,#N/A,,,,
88j3I8H,9/13/2024,Owner,Connected,AI,No interest,15251,Loss,,,,
89c1LybA4l,9/11/2024,,No Answer,N/A,N/A,74188,#N/A,,,,
8BK25KqvKT,9/4/2024,Manager,Connected,Smooth,No Interest,50900,Loss,,,,
8BtP335,9/11/2024,Owner,Connected,AI,Engaged,59180,Open,,,,
8EHo5i7,9/9/2024,,No Answer,N/A,N/A,13753,#N/A,,,,
8gRX2cD,9/5/2024,,No Answer,N/A,N/A,59507,#N/A,,,,
8H8fxkH,9/12/2024,Owner,Connected,Smooth,Engaged,26390,Open,,,,
8i34Gq9,9/2/2024,,No Answer,N/A,N/A,45319,#N/A,,,,
8IBRUqoyRw,9/10/2024,,No Answer,N/A,N/A,86674,#N/A,,,,
8JkaS70,9/11/2024,Manager,Connected,Operator,No Interest,12612,Loss,,,,
8Kl4J5llA1,9/2/2024,Manager,Connected,Smooth,No Interest,24076,Loss,,,,
8ltEJr7,9/10/2024,,No Answer,N/A,N/A,83516,#N/A,,,,
8mfNuqk6Tx,9/10/2024,,No Answer,N/A,N/A,45619,#N/A,,,,
8n7WmR1,9/11/2024,,No Answer,N/A,N/A,46590,#N/A,,,,
8oUD671,9/10/2024,,No Answer,N/A,N/A,27365,#N/A,,,,
8OvNPcku14,9/13/2024,Manager,Connected,Operator,Engaged,45757,Open,,,,
8q8DIa7,9/10/2024,Manager,Connected,Operator,No Interest,69154,Loss,,,,
8s3I2Sdj83,9/13/2024,,No Answer,N/A,N/A,84388,#N/A,,,,
8s9meHA,9/11/2024,Manager,Connected,Smooth,No Interest,18433,Loss,,,,
8SvbND2,9/12/2024,Owner,Connected,Smooth,Engaged,39005,Open,,,,
8tqFTn7,9/10/2024,,No Answer,N/A,N/A,12142,#N/A,,,,
8xuki0n5HK,9/9/2024,Manager,Connected,Smooth,Engaged,63326,Loss,,,,
8YrO13fN6H,9/5/2024,Manager,Connected,Operator,No Interest,35335,Loss,,,,
900F27Q,9/9/2024,Manager,Connected,Smooth,Deferred to Other Stakeholder,98428,Loss,,,,
900t5UF,9/10/2024,Manager,Connected,Operator,No Interest,96436,Win,,,,
90c2bKF,9/5/2024,Owner,Connected,Smooth,No interest,93394,Loss,,,,
90er6k4,9/11/2024,,No Answer,N/A,N/A,26454,#N/A,,,,
9324han8H8,9/11/2024,Owner,Connected,AI,No interest,92071,Loss,,,,
93b7tBxlC2,9/10/2024,Manager,Connected,Operator,No Interest,85504,Loss,,,,
93tLSuyYDj,9/11/2024,Manager,Connected,Smooth,No Interest,25874,Loss,,,,
97PH4o9,9/4/2024,Manager,Connected,AI,No Interest,16186,Loss,,,,
97v4GVK,9/12/2024,Manager,Connected,Operator,Engaged,78636,Loss,,,,
99hC9P8,9/4/2024,Manager,Connected,AI,Engaged,26256,Loss,,,,
99p6zsy3s9,9/4/2024,Owner,Connected,Smooth,No interest,32074,Loss,,,,
99Q06cI,9/11/2024,,No Answer,N/A,N/A,67574,#N/A,,,,
9aefLlT,9/11/2024,Manager,Connected,Operator,No Interest,32473,Loss,,,,
9agY121,9/6/2024,Manager,Connected,AI,Engaged,10821,Win,,,,
9agY125,9/11/2024,Owner,Connected,AI,Engaged,10821,Win,,,,
9b5GQ5C,9/11/2024,Manager,Connected,Smooth,No Interest,95512,Loss,,,,
9dy3dbgHZJ,9/6/2024,Owner,Connected,Smooth,Engaged,45874,Open,,,,
9EQI8S7,9/11/2024,Manager,Connected,Operator,No Interest,90579,Loss,,,,
9f3MP5B,9/5/2024,Owner,Connected,Operator,No interest,99689,Loss,,,,
9FE7mI6,9/12/2024,,No Answer,N/A,N/A,31853,#N/A,,,,
9Jkkn11,9/6/2024,Owner,Connected,Operator,Engaged,38708,Open,,,,
9lOY0g8,9/2/2024,Manager,Connected,Operator,Deferred to Other Stakeholder,25452,Open,,,,
9nALW63,9/3/2024,Owner,Connected,Smooth,Engaged,27756,Open,,,,
9o9nIXO,9/6/2024,Manager,Connected,AI,Engaged,25737,Loss,,,,
9oH8bmzqtX,9/13/2024,,No Answer,N/A,N/A,72975,#N/A,,,,
9tLwGma2XL,9/12/2024,Manager,Connected,Smooth,Deferred to Other Stakeholder,50210,Loss,,,,
9TSESTB,9/4/2024,,No Answer,N/A,N/A,50846,#N/A,,,,
9uWuqJl7Fn,9/4/2024,,No Answer,N/A,N/A,92413,#N/A,,,,
9YGin03,9/4/2024,Owner,Connected,Operator,No interest,90522,Loss,,,,
a2845a9,9/4/2024,Owner,Connected,Smooth,No interest,28728,Loss,,,,
a3Znqy8,9/9/2024,Manager,Connected,Smooth,Deferred to Other Stakeholder,28297,Open,,,,
a6y01FR,9/13/2024,,No Answer,N/A,N/A,84676,Loss,,,,
a78vNKmnNA,9/13/2024,Manager,Connected,Operator,Deferred to Other Stakeholder,17560,Open,,,,
a7vG8cQ,9/9/2024,,No Answer,N/A,N/A,61356,#N/A,,,,
A80ZNxL,9/9/2024,,No Answer,N/A,N/A,96308,#N/A,,,,
a96VnK7,9/5/2024,Owner,Connected,AI,No interest,59723,Loss,,,,
AASrDKY,9/9/2024,Manager,Connected,Operator,No Interest,41318,Loss,,,,
ACu8Rznel7,9/10/2024,,No Answer,N/A,N/A,39538,#N/A,,,,
ADaZha2,9/10/2024,Manager,Connected,Smooth,No Interest,86608,Loss,,,,
aeFGwp7,9/3/2024,,No Answer,N/A,N/A,34552,#N/A,,,,
Af2301xN53,9/2/2024,,No Answer,N/A,N/A,45402,#N/A,,,,
Afw2fJfcpw,9/13/2024,Owner,Connected,Smooth,No interest,97027,Loss,,,,
AgdTeVL,9/9/2024,,No Answer,N/A,N/A,54254,#N/A,,,,
agYG528,9/5/2024,Manager,Connected,AI,Deferred to Other Stakeholder,53717,Open,,,,
aheYug3,9/2/2024,,No Answer,N/A,N/A,35313,#N/A,,,,
AIE6x12,9/10/2024,Owner,Connected,Smooth,No interest,62952,Loss,,,,
ajoxQImbYD,9/11/2024,,No Answer,N/A,N/A,26980,#N/A,,,,
Al7uK2j3k6,9/9/2024,Manager,Connected,Operator,Deferred to Other Stakeholder,95214,Open,,,,
aNpSP6s348,9/10/2024,Owner,Connected,Smooth,Engaged,71529,Loss,,,,
aOUyj9A,9/10/2024,Manager,Connected,Operator,Deferred to Other Stakeholder,98391,Open,,,,
ApftH4xg9i,9/13/2024,Manager,Connected,Smooth,No Interest,22676,Loss,,,,
Apqqq50,9/2/2024,Manager,Connected,Operator,No Interest,54884,Loss,,,,
aqQ1ozY,9/10/2024,,No Answer,N/A,N/A,90278,#N/A,,,,
Au5tXI0,9/11/2024,,No Answer,N/A,N/A,56833,#N/A,,,,
aVbyB9o6Fo,9/13/2024,Manager,Connected,Smooth,Deferred to Other Stakeholder,81004,Loss,,,,
b0207kjD7i,9/13/2024,Owner,Connected,Smooth,No interest,69851,Loss,,,,
B2NJTjW,9/2/2024,Manager,Connected,Operator,No Interest,69213,Loss,,,,
b31m45I,9/11/2024,Manager,Connected,Operator,Deferred to Other Stakeholder,43573,Open,,,,
B32t62ql6x,9/13/2024,,No Answer,N/A,N/A,12652,#N/A,,,,
B4A6hoH,9/3/2024,,No Answer,N/A,N/A,73022,#N/A,,,,
B4gcHSU,9/3/2024,Manager,Connected,Operator,Engaged,41061,Open,,,,
B75iBoO,9/13/2024,,No Answer,N/A,N/A,56869,#N/A,,,,
bb010U6,9/9/2024,,No Answer,N/A,N/A,35605,#N/A,,,,
bb0Br8F,9/9/2024,Owner,Connected,AI,No interest,72248,Loss,,,,
BblL4J4,9/11/2024,,No Answer,N/A,N/A,57231,#N/A,,,,
bH8K626,9/10/2024,Owner,Connected,Operator,No interest,34765,Loss,,,,
bKw5UZ6,9/4/2024,,No Answer,N/A,N/A,76732,#N/A,,,,
bl6yNW1,9/11/2024,Manager,Connected,AI,Engaged,64249,Win,,,,
bl6yNW5,9/11/2024,Owner,Connected,AI,Engaged,64249,Win,,,,
BOzRmm8,9/10/2024,Manager,Connected,Smooth,No Interest,94466,Loss,,,,
Bt60dtqH69,9/9/2024,,No Answer,N/A,N/A,56293,#N/A,,,,
Btb1MFwhV9,9/9/2024,,No Answer,N/A,N/A,59603,#N/A,,,,
bvbS7VR,9/2/2024,,No Answer,N/A,N/A,47541,#N/A,,,,
bxna4t8,9/10/2024,Manager,Connected,Operator,No Interest,60567,Loss,,,,
BY18I9Z,9/3/2024,Manager,Connected,Smooth,Engaged,71440,Loss,,,,
By19agG,9/11/2024,Manager,Connected,Operator,No Interest,55013,Loss,,,,
bYN3zsE,9/13/2024,,No Answer,N/A,N/A,75226,#N/A,,,,
C0PEy6q3sy,9/10/2024,Manager,Connected,Operator,No Interest,67619,Loss,,,,
C28JuIrd48,9/4/2024,,No Answer,N/A,N/A,88357,#N/A,,,,
C4x0ODK,9/9/2024,Manager,Connected,Smooth,No Interest,21962,Loss,,,,
c7Ciaj8,9/10/2024,Manager,Connected,Smooth,No Interest,58168,Loss,,,,
c8RHF87,9/12/2024,Manager,Connected,Operator,No Interest,11104,Loss,,,,
CCOTxCo977,9/12/2024,Owner,Connected,Operator,Deferred to Other Stakeholder,21699,Open,,,,
cCQH44sUfI,9/3/2024,Manager,Connected,Operator,Engaged,39849,Open,,,,
cdmF59mc4M,9/12/2024,Manager,Connected,Smooth,No Interest,82514,Loss,,,,
Ceg69Y4,9/2/2024,,No Answer,N/A,N/A,94055,#N/A,,,,
CeH565V,9/3/2024,Manager,Connected,Operator,Engaged,53878,Loss,,,,
cFqkO6s2Aq,9/3/2024,Manager,Connected,Smooth,Deferred to Other Stakeholder,43823,Open,,,,
ChA5VlsF8c,9/3/2024,Manager,Connected,Operator,Deferred to Other Stakeholder,44510,Open,,,,
chiSz0V,9/10/2024,Owner,Connected,Smooth,Engaged,73398,Win,,,,
cJ903aZ,9/9/2024,,No Answer,N/A,N/A,77375,#N/A,,,,
CkLpufJ,9/4/2024,Manager,Connected,Operator,No Interest,67660,Loss,,,,
cl8OTgQ,9/5/2024,Manager,Connected,Operator,No Interest,34930,Loss,,,,
cL9Vp4c0w0,9/9/2024,,No Answer,N/A,N/A,93934,#N/A,,,,
clVBiIZ,9/2/2024,,No Answer,N/A,N/A,33507,#N/A,,,,
CM49xtY,9/10/2024,Manager,Connected,Smooth,Deferred to Other Stakeholder,70238,Loss,,,,
co7plEwWq1,9/3/2024,,No Answer,N/A,N/A,69058,#N/A,,,,
Com65n9,9/5/2024,,No Answer,N/A,N/A,74373,#N/A,,,,
COmEuXz9mA,9/6/2024,Manager,Connected,Operator,No Interest,27596,Loss,,,,
COPs3QsJSk,9/6/2024,Manager,Connected,Operator,No Interest,28953,Loss,,,,
Cq7l0dD,9/5/2024,,No Answer,N/A,N/A,31196,#N/A,,,,
cqWoqG6,9/6/2024,,No Answer,N/A,N/A,63243,#N/A,,,,
CTq3UZ8,9/6/2024,Owner,Connected,AI,No interest,86623,Loss,,,,
CuzQt5H,9/9/2024,,No Answer,N/A,N/A,62201,#N/A,,,,
CvfH181,9/12/2024,Manager,Connected,AI,Engaged,64884,Win,,,,
CvfH18R,9/12/2024,Owner,Connected,AI,Engaged,64884,Win,,,,
CW20tD6,9/9/2024,Manager,Connected,Operator,No Interest,46419,Loss,,,,
CX0MErO,9/9/2024,,No Answer,N/A,N/A,20223,#N/A,,,,
Cxkt6YK,9/9/2024,,No Answer,N/A,N/A,26919,#N/A,,,,
D020h49,9/9/2024,Manager,Connected,Smooth,Deferred to Other Stakeholder,59113,Loss,,,,
d05H7B5,9/5/2024,Owner,Connected,Smooth,Engaged,41098,Open,,,,
d1k0qN6,9/5/2024,Owner,Connected,Smooth,Engaged,50298,Loss,,,,
D22z3gB,9/2/2024,Manager,Connected,Operator,No Interest,69434,Loss,,,,
d2660r0,9/6/2024,Owner,Connected,Smooth,Engaged,11707,Loss,,,,
d3wW0X7,9/11/2024,,No Answer,N/A,N/A,99361,#N/A,,,,
D7hVtS0,9/3/2024,Manager,Connected,Smooth,Engaged,82891,Open,,,,
Ddq8TKjGd2,9/12/2024,Owner,Connected,Smooth,Engaged,75560,Open,,,,
Df99DUhUmw,9/6/2024,,No Answer,N/A,N/A,38449,#N/A,,,,
DfF5U9I,9/5/2024,Manager,Connected,Operator,No Interest,69140,Loss,,,,
DImycuU,9/11/2024,Owner,Connected,AI,No interest,91089,Loss,,,,
DjY30fY,9/6/2024,Owner,Connected,Smooth,No interest,70596,Loss,,,,
dk8u0or9mm,9/2/2024,,No Answer,N/A,N/A,43509,#N/A,,,,
dkH858mOGa,9/11/2024,Manager,Connected,AI,Deferred to Other Stakeholder,20504,Loss,,,,
DnE9zHw2yl,9/6/2024,,No Answer,N/A,N/A,99993,#N/A,,,,
dQAoEvC,9/9/2024,Manager,Connected,Operator,No Interest,33200,Loss,,,,
DS6c18W,9/4/2024,Owner,Connected,Operator,No interest,48973,Loss,,,,
dSbm291,9/10/2024,Owner,Connected,Operator,No interest,30726,Loss,,,,
dtA2i3ovxd,9/5/2024,Manager,Connected,AI,Engaged,16950,Loss,,,,
Dv13791,9/10/2024,Manager,Connected,Operator,No Interest,35399,Loss,,,,
DWq5R53,9/2/2024,,No Answer,N/A,N/A,27776,#N/A,,,,
dxK1cLfIB9,9/2/2024,,No Answer,N/A,N/A,45645,#N/A,,,,
dyCAxE6,9/11/2024,Manager,Connected,Smooth,No Interest,31687,Loss,,,,
DzI6Xsjyl7,9/9/2024,,No Answer,N/A,N/A,55289,#N/A,,,,
E0an7prkOJ,9/6/2024,Manager,Connected,Operator,Deferred to Other Stakeholder,73509,Open,,,,
E0Bi27B,9/3/2024,Manager,Connected,AI,No interest,90174,Loss,,,,
E0oyW3W,9/3/2024,,No Answer,N/A,N/A,72128,#N/A,,,,
E147qq4,9/2/2024,Manager,Connected,Operator,Deferred to Other Stakeholder,26730,Open,,,,
E18DEOt3N7,9/6/2024,Manager,Connected,Operator,Deferred to Other Stakeholder,68435,Open,,,,
e1skdqmHB6,9/3/2024,Owner,Connected,Operator,Engaged,48144,Open,,,,
E250LWfOfd,9/13/2024,,No Answer,N/A,N/A,12251,#N/A,,,,
E33I9wbSS8,9/6/2024,Owner,Connected,Operator,No interest,48134,Loss,,,,
E81G8gH,9/13/2024,Manager,Connected,AI,No interest,94293,Loss,,,,
e8l2672,9/2/2024,Manager,Connected,Operator,No Interest,47939,Loss,,,,
eB25Ydh1W0,9/4/2024,Manager,Connected,Smooth,No Interest,90911,Loss,,,,
EBV111M,9/13/2024,,No Answer,N/A,N/A,56350,#N/A,,,,
ECM7iv0,9/6/2024,Owner,Connected,Smooth,No interest,75013,Loss,,,,
Ed3XNR5,9/9/2024,,No Answer,N/A,N/A,31919,#N/A,,,,
EG61ZSb8si,9/2/2024,,No Answer,N/A,N/A,80071,#N/A,,,,
EJ17w55,9/13/2024,,No Answer,N/A,N/A,84404,#N/A,,,,
ej2Bc6F,9/12/2024,Owner,Connected,Smooth,Engaged,94723,Win,,,,
EM8cPfU,9/12/2024,Manager,Connected,Smooth,Deferred to Other Stakeholder,56744,Loss,,,,
emezer2,9/12/2024,Manager,Connected,Operator,Deferred to Other Stakeholder,23190,Open,,,,
en2tDuuTDj,9/9/2024,Owner,Connected,Operator,Engaged,95560,Win,,,,
En97gNR,9/12/2024,,No Answer,N/A,N/A,27226,#N/A,,,,
eOxhM3M,9/10/2024,Manager,Connected,Smooth,No Interest,64042,Loss,,,,
eoYZ27K,9/5/2024,Manager,Connected,Operator,No Interest,42115,Loss,,,,
eQ10Fs7,9/5/2024,,No Answer,N/A,N/A,62909,#N/A,,,,
etZQh47,9/4/2024,,No Answer,N/A,N/A,28213,#N/A,,,,
euk0kuB,9/3/2024,,No Answer,N/A,N/A,60086,#N/A,,,,
EUmH24V,9/13/2024,Manager,Connected,Smooth,No Interest,21398,Loss,,,,
EV80E69,9/3/2024,Manager,Connected,Operator,Deferred to Other Stakeholder,16176,Open,,,,
Ev98Z5C,9/13/2024,Manager,Connected,Smooth,Deferred to Other Stakeholder,92313,Loss,,,,
eW0YM57,9/13/2024,Owner,Connected,AI,No interest,17126,Loss,,,,
exai2Gixm7,9/11/2024,Owner,Connected,Operator,No interest,31580,Loss,,,,
Eyrm9o1,9/3/2024,,No Answer,N/A,N/A,59992,#N/A,,,,
Ez4NOEq8x5,9/10/2024,Owner,Connected,Smooth,Engaged,76800,Win,,,,
eze8rDx7I9,9/9/2024,Owner,Connected,Smooth,Engaged,90592,Open,,,,
F21s07dGAQ,9/12/2024,,No Answer,N/A,N/A,53482,#N/A,,,,
F22ME27,9/3/2024,Manager,Connected,AI,No Interest,47307,Loss,,,,
F3N2537,9/10/2024,Owner,Connected,Smooth,Engaged,31367,Open,,,,
f57b5Tj8R7,9/4/2024,Manager,Connected,Smooth,No Interest,26867,Loss,,,,
f5H9fto9GE,9/3/2024,,No Answer,N/A,N/A,96825,#N/A,,,,
F7K477hla0,9/12/2024,Owner,Connected,Operator,No interest,32177,Loss,,,,
f7Kl1GzsBu,9/11/2024,Owner,Connected,Operator,Engaged,46765,Open,,,,
fDcfu1R,9/5/2024,,No Answer,N/A,N/A,66916,#N/A,,,,
fdnGEaeuZR,9/11/2024,,No Answer,N/A,N/A,35387,#N/A,,,,
fdo7u39,9/2/2024,Manager,Connected,Smooth,No Interest,73398,Win,,,,
fHX6j4op9j,9/9/2024,,No Answer,N/A,N/A,62824,#N/A,,,,
fHx8VbP,9/2/2024,Manager,Connected,Smooth,No Interest,50408,Loss,,,,
fiZPU8R,9/12/2024,,No Answer,N/A,N/A,57720,#N/A,,,,
fJF1ASvL4c,9/12/2024,,No Answer,N/A,N/A,79988,#N/A,,,,
foH8C8t3Y7,9/9/2024,,No Answer,N/A,N/A,19762,#N/A,,,,
fPsejDR,9/13/2024,Manager,Connected,Operator,Deferred to Other Stakeholder,16715,Open,,,,
FQ5Q6l5,9/10/2024,Manager,Connected,Operator,No Interest,56619,Loss,,,,
fQzSrBnjUU,9/11/2024,,No Answer,N/A,N/A,99281,#N/A,,,,
fS5gyUzOTE,9/12/2024,Manager,Connected,AI,No Interest,59424,Loss,,,,
FTW99A5,9/10/2024,Owner,Connected,AI,No interest,31600,Loss,,,,
FVl7Z19,9/3/2024,Manager,Connected,Operator,No Interest,66419,Loss,,,,
FXD178uH2n,9/12/2024,,No Answer,N/A,N/A,16780,#N/A,,,,
g10yT9w3kY,9/3/2024,Manager,Connected,Smooth,No Interest,51074,Loss,,,,
g650r43,9/9/2024,,No Answer,N/A,N/A,64249,Win,,,,
G7sUl9wjIC,9/3/2024,Manager,Connected,AI,Deferred to Other Stakeholder,30923,Open,,,,
Ga9ccuc9Jv,9/6/2024,Owner,Connected,Operator,No interest,44884,Loss,,,,
GaJB2Rd7si,9/10/2024,Manager,Connected,Operator,Deferred to Other Stakeholder,53626,Open,,,,
gc8C5wlpAp,9/10/2024,Owner,Connected,AI,Engaged,81144,Open,,,,
Gcvvc45,9/4/2024,Manager,Connected,Operator,No Interest,83452,Loss,,,,
Ge52cnH,9/5/2024,Owner,Connected,Operator,Engaged,27947,Open,,,,
GhOK4tjy4A,9/13/2024,,No Answer,N/A,N/A,74057,#N/A,,,,
ghoPvu6,9/6/2024,Owner,Connected,Smooth,Engaged,16122,Open,,,,
gisUMCH,9/5/2024,,No Answer,N/A,N/A,72471,#N/A,,,,
gKS1dVL,9/2/2024,,No Answer,N/A,N/A,23238,#N/A,,,,
gleU92bzt1,9/11/2024,Manager,Connected,Smooth,No Interest,50960,Loss,,,,
gr1b677,9/9/2024,,No Answer,N/A,N/A,78713,#N/A,,,,
grIzZVa15m,9/2/2024,Manager,Connected,AI,No Interest,31128,Loss,,,,
GT09hPD,9/11/2024,Owner,Connected,Smooth,Engaged,73398,Win,,,,
gTw1i2q7B9,9/11/2024,,No Answer,N/A,N/A,87432,#N/A,,,,
GUJXT0G,9/9/2024,Owner,Connected,Operator,Engaged,91113,Open,,,,
gWGlyuP,9/6/2024,Manager,Connected,AI,No Interest,65538,Win,,,,
GYm7G1Z,9/6/2024,,No Answer,N/A,N/A,73852,#N/A,,,,
GYv3h1J,9/11/2024,Manager,Connected,AI,No interest,90689,Loss,,,,
GzXs72D,9/5/2024,Owner,Connected,Smooth,Engaged,31798,Loss,,,,
H3lvfVT,9/6/2024,,No Answer,N/A,N/A,95232,#N/A,,,,
h3UtHY0,9/4/2024,,No Answer,N/A,N/A,36298,#N/A,,,,
H3x3rw7,9/10/2024,Manager,Connected,Smooth,No Interest,95665,Loss,,,,
h4zx9c3,9/12/2024,,No Answer,N/A,N/A,62054,#N/A,,,,
h5GS9OiC5a,9/2/2024,,No Answer,N/A,N/A,45302,#N/A,,,,
h818ZM5,9/4/2024,Manager,Connected,Operator,Deferred to Other Stakeholder,43341,Open,,,,
HA691B7,9/13/2024,,No Answer,N/A,N/A,64198,#N/A,,,,
HbdHVmZ,9/10/2024,Manager,Connected,Operator,No Interest,78171,Loss,,,,
hfbaQfI,9/9/2024,,No Answer,N/A,N/A,22379,#N/A,,,,
HHbHCdwN21,9/11/2024,Manager,Connected,Operator,No Interest,53417,Loss,,,,
Hl8sF29,9/4/2024,Manager,Connected,Smooth,No Interest,83588,Loss,,,,
hlq4x2F,9/2/2024,,No Answer,N/A,N/A,64196,#N/A,,,,
hM9YNV0,9/13/2024,Manager,Connected,Smooth,No Interest,62892,Loss,,,,
hmLT2Q6,9/10/2024,,No Answer,N/A,N/A,94621,#N/A,,,,
HMou8xb9D7,9/13/2024,Manager,Connected,Operator,Deferred to Other Stakeholder,18262,Open,,,,
hQM1OAwYZ7,9/3/2024,,No Answer,N/A,N/A,67718,#N/A,,,,
hQrvCJ1,9/13/2024,Manager,Connected,AI,Engaged,56019,Win,,,,
hQrvCJJ,9/13/2024,Owner,Connected,AI,Engaged,56019,Win,,,,
hs26c2P,9/3/2024,,No Answer,N/A,N/A,25493,#N/A,,,,
HSQc3rZ,9/2/2024,,No Answer,N/A,N/A,59069,#N/A,,,,
Htjl595,9/5/2024,,No Answer,N/A,N/A,46691,#N/A,,,,
Hv56robba4,9/6/2024,Manager,Connected,Smooth,Engaged,58660,Loss,,,,
HvH9IJM,9/10/2024,Owner,Connected,AI,Engaged,66203,Open,,,,
HVIaTvD,9/3/2024,Owner,Connected,AI,No interest,94584,Loss,,,,
HZ31W41,9/2/2024,,No Answer,N/A,N/A,16592,#N/A,,,,
hZXHx4lF14,9/13/2024,,No Answer,N/A,N/A,20066,#N/A,,,,
I2wezgrg1d,9/4/2024,,No Answer,N/A,N/A,25455,#N/A,,,,
I4D6cKqn89,9/10/2024,Manager,Connected,Smooth,No Interest,58138,Loss,,,,
i4RcaHI,9/3/2024,Owner,Connected,AI,No interest,98661,Loss,,,,
i529YjU,9/13/2024,,No Answer,N/A,N/A,23310,#N/A,,,,
I7ytd1sTL0,9/10/2024,Manager,Connected,AI,No Interest,79592,Loss,,,,
ICj9c5hMYJ,9/11/2024,Manager,Connected,Operator,Deferred to Other Stakeholder,42957,Open,,,,
iCQRaFmaV0,9/12/2024,Owner,Connected,AI,No interest,81101,Loss,,,,
iEZ31e6,9/12/2024,,No Answer,N/A,N/A,40685,#N/A,,,,
if1p5F1,9/10/2024,Owner,Connected,Smooth,Engaged,69933,Win,,,,
iFZ35PX,9/2/2024,,No Answer,N/A,N/A,17722,#N/A,,,,
iIx4S7x042,9/3/2024,,No Answer,N/A,N/A,62770,#N/A,,,,
IJ1ltPB,9/2/2024,,No Answer,N/A,N/A,86904,#N/A,,,,
IKCk29j0nj,9/4/2024,Owner,Connected,AI,Engaged,26079,Loss,,,,
ILG67SokOq,9/13/2024,,No Answer,N/A,N/A,12742,#N/A,,,,
ILz24XO,9/2/2024,,No Answer,N/A,N/A,78354,#N/A,,,,
IMOUJc0,9/10/2024,,No Answer,N/A,N/A,11642,#N/A,,,,
IOz2SxC,9/4/2024,Manager,Connected,Operator,No Interest,73026,Loss,,,,
it7ok3Q,9/4/2024,,No Answer,N/A,N/A,32893,#N/A,,,,
iT9265sD1r,9/12/2024,Owner,Connected,Operator,Engaged,19450,Open,,,,
IUNZlV6,9/13/2024,Manager,Connected,Operator,Deferred to Other Stakeholder,68963,Open,,,,
Iv2p715,9/3/2024,Manager,Connected,Smooth,Engaged,94881,Loss,,,,
IVG2rIU,9/4/2024,Manager,Connected,Operator,No Interest,82906,Loss,,,,
j0miBNV,9/9/2024,,No Answer,N/A,N/A,12570,#N/A,,,,
j0rd1OD,9/6/2024,Manager,Connected,Operator,Deferred to Other Stakeholder,44461,Open,,,,
J3cZB2R,9/11/2024,Manager,Connected,Smooth,No Interest,66095,Win,,,,
j3UfzT7,9/5/2024,,No Answer,N/A,N/A,66703,#N/A,,,,
J48f7T8,9/6/2024,Owner,Connected,AI,No Interest,78698,Loss,,,,
J4H74RfM5B,9/13/2024,Manager,Connected,AI,No Interest,81547,Loss,,,,
j67uH5zKBV,9/13/2024,Manager,Connected,Smooth,No Interest,25173,Loss,,,,
j76GCf9,9/12/2024,Manager,Connected,Smooth,No Interest,99335,Loss,,,,
j8X4KH2,9/6/2024,Manager,Connected,AI,Engaged,64760,Open,,,,
JApIsqX,9/3/2024,,No Answer,N/A,N/A,54448,#N/A,,,,
jBaq9mxEZn,9/5/2024,,No Answer,N/A,N/A,62722,#N/A,,,,
JBKMnh6,9/3/2024,Manager,Connected,Smooth,Deferred to Other Stakeholder,56768,Loss,,,,
jcwT2BS,9/4/2024,Manager,Connected,Operator,Engaged,88175,Open,,,,
jdodz6U,9/6/2024,,No Answer,N/A,N/A,11986,#N/A,,,,
JE4S87eM37,9/2/2024,,No Answer,N/A,N/A,97052,#N/A,,,,
jEQv37K,9/4/2024,Manager,Connected,Smooth,No Interest,71784,Loss,,,,
JHy472V,9/6/2024,,No Answer,N/A,N/A,35844,#N/A,,,,
JM1ho38,9/13/2024,,No Answer,N/A,N/A,19540,#N/A,,,,
Jm41HjtG4z,9/3/2024,,No Answer,N/A,N/A,68732,#N/A,,,,
jrTE25F,9/12/2024,Manager,Connected,Smooth,No Interest,28147,Loss,,,,
juQ6APww36,9/3/2024,Manager,Connected,Operator,Deferred to Other Stakeholder,21093,Open,,,,
jvFNexI,9/13/2024,Manager,Connected,Operator,Engaged,61925,Open,,,,
JVt52R1,9/5/2024,,No Answer,N/A,N/A,35387,#N/A,,,,
jZHzNkV,9/3/2024,,No Answer,N/A,N/A,76405,#N/A,,,,
K04YrshDh3,9/6/2024,Manager,Connected,AI,Engaged,91981,Open,,,,
k1667j9,9/5/2024,Manager,Connected,Operator,Deferred to Other Stakeholder,61399,Open,,,,
k673DM6,9/13/2024,Owner,Connected,Operator,Engaged,27999,Open,,,,
k6NVWuE,9/12/2024,Manager,Connected,Smooth,No Interest,85520,Loss,,,,
K725QEM,9/5/2024,Owner,Connected,Operator,No interest,92729,Loss,,,,
k73b8JN,9/3/2024,Manager,Connected,AI,No Interest,66254,Loss,,,,
K76elKC,9/4/2024,Owner,Connected,AI,No interest,26667,Loss,,,,
K7MS8U7,9/12/2024,Manager,Connected,Operator,No Interest,75915,Loss,,,,
K7nxX24,9/10/2024,Manager,Connected,AI,No Interest,59754,Loss,,,,
KAW7xYP,9/12/2024,,No Answer,N/A,N/A,68121,#N/A,,,,
Kc94TYC,9/5/2024,Owner,Connected,AI,No interest,52305,Loss,,,,
kGpvg3ae07,9/9/2024,Manager,Connected,Operator,No Interest,34183,Loss,,,,
KJFgGM3,9/5/2024,Manager,Connected,Smooth,No Interest,51346,Loss,,,,
kJJL617,9/5/2024,Manager,Connected,Smooth,Deferred to Other Stakeholder,17782,Open,,,,
kl727tM,9/2/2024,,No Answer,N/A,N/A,92059,#N/A,,,,
kNi4R3x8p3,9/9/2024,,No Answer,N/A,N/A,13584,#N/A,,,,
KNr0U50,9/4/2024,Manager,Connected,Operator,No Interest,61460,Loss,,,,
ko4z0mM,9/11/2024,Manager,Connected,AI,Deferred to Other Stakeholder,17661,Loss,,,,
kq1OXLT,9/10/2024,Owner,Connected,Operator,Engaged,32496,Win,,,,
KQa2cCG,9/9/2024,,No Answer,N/A,N/A,78381,#N/A,,,,
kQBLEVD,9/3/2024,Manager,Connected,Smooth,Deferred to Other Stakeholder,22730,Open,,,,
Krfb1CdmNR,9/11/2024,Owner,Connected,Operator,No interest,59949,Loss,,,,
KrFwR4k4Sv,9/9/2024,,No Answer,N/A,N/A,61244,#N/A,,,,
kRW9kW0,9/3/2024,,No Answer,N/A,N/A,18722,#N/A,,,,
KS7Fo94,9/4/2024,Owner,Connected,AI,Engaged,88611,Open,,,,
KsEuyl9,9/9/2024,,No Answer,N/A,N/A,29157,#N/A,,,,
KSR36ft0Og,9/2/2024,Manager,Connected,Operator,No Interest,94805,Loss,,,,
Kt2IB89,9/6/2024,Manager,Connected,Smooth,Deferred to Other Stakeholder,39737,Open,,,,
KV0G919,9/5/2024,,No Answer,N/A,N/A,56920,#N/A,,,,
kV53346,9/10/2024,Manager,Connected,AI,No Interest,22402,Loss,,,,
kV7U435,9/13/2024,,No Answer,N/A,N/A,16228,#N/A,,,,
Kx6M97B,9/4/2024,,No Answer,N/A,N/A,94116,#N/A,,,,
KyDZIe0,9/5/2024,,No Answer,N/A,N/A,56603,#N/A,,,,
KZ4yDI9,9/4/2024,Manager,Connected,AI,No Interest,77949,Loss,,,,
kzaACXZ,9/6/2024,Manager,Connected,AI,No Interest,12084,Loss,,,,
Kzkd28zvug,9/11/2024,Manager,Connected,AI,No Interest,31874,Loss,,,,
l1GN162,9/2/2024,,No Answer,N/A,N/A,30254,#N/A,,,,
l1uK4fc75S,9/9/2024,,No Answer,N/A,N/A,26508,#N/A,,,,
L5jA6B5,9/6/2024,Owner,Connected,Smooth,Engaged,77989,Win,,,,
L5ki7Ld24v,9/11/2024,,No Answer,N/A,N/A,64216,#N/A,,,,
L6ayLv5,9/5/2024,,No Answer,N/A,N/A,21977,#N/A,,,,
L7D7hlV,9/2/2024,,No Answer,N/A,N/A,20458,#N/A,,,,
l8VxQ5ygoX,9/12/2024,Manager,Connected,Operator,No Interest,89426,Loss,,,,
lAOGE43,9/9/2024,Manager,Connected,Operator,Deferred to Other Stakeholder,27293,Open,,,,
LbL2khf7b6,9/13/2024,,No Answer,N/A,N/A,27848,#N/A,,,,
Lbwm01X,9/5/2024,Owner,Connected,Operator,Engaged,38141,Open,,,,
LdEH4Ky9Ou,9/10/2024,Owner,Connected,Operator,Engaged,39858,Open,,,,
lE9AQ11,9/11/2024,Owner,Connected,AI,Engaged,41603,Open,,,,
LET511vZrY,9/4/2024,Manager,Connected,Smooth,Deferred to Other Stakeholder,50316,Loss,,,,
li9n618,9/10/2024,Manager,Connected,Operator,Deferred to Other Stakeholder,47679,Open,,,,
lMd7IHtYb6,9/11/2024,Manager,Connected,AI,No Interest,23820,Loss,,,,
lN702QnT9A,9/4/2024,,No Answer,N/A,N/A,88940,#N/A,,,,
LNVe5r7,9/4/2024,Manager,Connected,Operator,No Interest,85805,Loss,,,,
LpO1MPtV59,9/13/2024,,No Answer,N/A,N/A,68137,#N/A,,,,
LQ381HR,9/13/2024,Manager,Connected,Operator,No Interest,31774,Loss,,,,
Lv238SpV9l,9/2/2024,Manager,Connected,Smooth,No Interest,49544,Loss,,,,
lXg86EkX72,9/11/2024,Manager,Connected,Operator,No Interest,90959,Loss,,,,
LxOHS4gpZR,9/2/2024,,No Answer,N/A,N/A,99317,#N/A,,,,
LZzWZ5B,9/12/2024,,No Answer,N/A,N/A,59685,#N/A,,,,
m028zsH,9/10/2024,,No Answer,N/A,N/A,66835,#N/A,,,,
M18h2Q7,9/2/2024,,No Answer,N/A,N/A,67848,#N/A,,,,
M1U6ZnshNl,9/4/2024,,No Answer,N/A,N/A,54373,#N/A,,,,
M1WnZJ2,9/11/2024,,No Answer,N/A,N/A,80479,#N/A,,,,
M1YE7xqmJW,9/11/2024,Owner,Connected,AI,Engaged,10821,Win,,,,
m463kFU,9/9/2024,Manager,Connected,Operator,No Interest,29925,Loss,,,,
M4ck8QC,9/4/2024,,No Answer,N/A,N/A,91022,#N/A,,,,
M5Kl145,9/13/2024,Manager,Connected,AI,No Interest,73965,Loss,,,,
m5T5VG2,9/10/2024,Manager,Connected,Smooth,Deferred to Other Stakeholder,16965,Loss,,,,
m6O5g0M,9/9/2024,Owner,Connected,Smooth,No interest,33142,Loss,,,,
Mae6S6T,9/13/2024,Owner,Connected,AI,Engaged,24029,Open,,,,
mBLPFt6,9/2/2024,,No Answer,N/A,N/A,34097,#N/A,,,,
MDyWhy9,9/10/2024,Owner,Connected,Operator,No interest,91787,Loss,,,,
mEBpLwL,9/4/2024,Owner,Connected,Smooth,Engaged,57471,Loss,,,,
Mf9u5XosmW,9/5/2024,Manager,Connected,AI,No Interest,92674,Loss,,,,
mG0b1FG,9/4/2024,,No Answer,N/A,N/A,20361,#N/A,,,,
Mg736ccAu2,9/6/2024,Owner,Connected,Operator,Engaged,39257,Open,,,,
mH7mco4,9/11/2024,Owner,Connected,AI,No Interest,28639,Loss,,,,
MiPqrd6,9/3/2024,,No Answer,N/A,N/A,86473,#N/A,,,,
mJ8m43G,9/12/2024,,No Answer,N/A,N/A,26865,#N/A,,,,
MJWz46S,9/2/2024,Manager,Connected,Smooth,No Interest,50942,Loss,,,,
MjXwhAre08,9/10/2024,Manager,Connected,Operator,No Interest,84601,Loss,,,,
mlWig4o0Ke,9/5/2024,,No Answer,N/A,N/A,96757,#N/A,,,,
mLY51q3,9/6/2024,,No Answer,N/A,N/A,99033,#N/A,,,,
MLZJM6n3hk,9/4/2024,Manager,Connected,Operator,No Interest,46731,Loss,,,,
MoM99b8,9/5/2024,Manager,Connected,Operator,No interest,42421,Loss,,,,
mtu1wt1,9/9/2024,,No Answer,N/A,N/A,51407,#N/A,,,,
n0wb8Yf634,9/10/2024,Manager,Connected,Operator,Deferred to Other Stakeholder,48512,Open,,,,
N2M62lkymL,9/9/2024,Manager,Connected,Operator,No Interest,28236,Loss,,,,
N33n8g1,9/12/2024,Manager,Connected,AI,Engaged,36001,Win,,,,
N33n8gD,9/13/2024,Owner,Connected,AI,Engaged,36001,Win,,,,
N415rJzeN8,9/6/2024,,No Answer,N/A,N/A,81374,#N/A,,,,
N4z9V9jT8J,9/2/2024,,No Answer,N/A,N/A,47590,#N/A,,,,
N6mj8jhpYI,9/4/2024,Owner,Connected,Smooth,No interest,93210,Loss,,,,
N8q1N3T,9/3/2024,,No Answer,N/A,N/A,27507,#N/A,,,,
N9T30zQ,9/9/2024,,No Answer,N/A,N/A,92401,#N/A,,,,
nCG5rE1,9/2/2024,Manager,Connected,AI,Engaged,61869,Win,,,,
nCG5rEY,9/2/2024,Owner,Connected,AI,Engaged,61869,Win,,,,
nCxQzHvO9G,9/6/2024,Manager,Connected,AI,No Interest,65564,Loss,,,,
NHH5bKfZxP,9/5/2024,Manager,Connected,Smooth,No Interest,65011,Loss,,,,
NHqjZz6,9/5/2024,Manager,Connected,Smooth,No Interest,78211,Loss,,,,
nId1521,9/9/2024,Manager,Connected,Operator,Deferred to Other Stakeholder,55075,Open,,,,
nJzy1d6,9/4/2024,Owner,Connected,Operator,No interest,39294,Loss,,,,
nk4kl1I,9/9/2024,Manager,Connected,Smooth,No Interest,27341,Loss,,,,
NkZsxKoTBc,9/3/2024,,No Answer,N/A,N/A,39138,#N/A,,,,
nL4v5l0,9/5/2024,Manager,Connected,Operator,Deferred to Other Stakeholder,56178,Open,,,,
Nm1SGSuoYT,9/5/2024,,No Answer,N/A,N/A,55281,#N/A,,,,
nMh8mbF,9/11/2024,Owner,Connected,AI,Engaged,69059,Open,,,,
np25a4h9Sv,9/10/2024,,No Answer,N/A,N/A,54126,#N/A,,,,
np6818l1mD,9/9/2024,Manager,Connected,Smooth,Deferred to Other Stakeholder,29648,Loss,,,,
NpF7tp1,9/13/2024,Owner,Connected,Smooth,No interest,14244,Loss,,,,
NsnOkL1,9/3/2024,,No Answer,N/A,N/A,39404,#N/A,,,,
NT16tJ6,9/13/2024,,No Answer,N/A,N/A,36132,#N/A,,,,
NTLRr4oqoC,9/13/2024,,No Answer,N/A,N/A,81187,#N/A,,,,
nTyrsX1,9/3/2024,,No Answer,N/A,N/A,57833,#N/A,,,,
Nu3W2HK,9/5/2024,,No Answer,N/A,N/A,12266,#N/A,,,,
O1j0MmttiU,9/12/2024,Owner,Connected,Smooth,Engaged,66573,Win,,,,
O23M365,9/6/2024,,No Answer,N/A,N/A,98543,#N/A,,,,
O3m594F,9/3/2024,Manager,Connected,AI,No Interest,12902,Loss,,,,
O6C14I8,9/9/2024,,No Answer,N/A,N/A,97255,#N/A,,,,
O8Em51v9XV,9/12/2024,,No Answer,N/A,N/A,26472,#N/A,,,,
O8i0Xiec1D,9/6/2024,,No Answer,N/A,N/A,31610,#N/A,,,,
o8YZ2L5,9/11/2024,,No Answer,N/A,N/A,13915,#N/A,,,,
oGod6lqUMs,9/12/2024,Owner,Connected,AI,Engaged,60248,Win,,,,
oM7JiF1,9/3/2024,,No Answer,N/A,N/A,59124,#N/A,,,,
On108o8,9/6/2024,Manager,Connected,Operator,No Interest,86902,Loss,,,,
oohkgdeL5Q,9/10/2024,Manager,Connected,Operator,Deferred to Other Stakeholder,97126,Open,,,,
oRs8JTW,9/11/2024,,No Answer,N/A,N/A,98575,#N/A,,,,
OSd5L69,9/12/2024,Owner,Connected,AI,Engaged,42850,Win,,,,
osp5qT6,9/6/2024,Manager,Connected,Operator,No Interest,10750,Loss,,,,
oT3ca73,9/4/2024,Manager,Connected,Operator,No Interest,33319,Loss,,,,
OTx26xmiYZ,9/9/2024,,No Answer,N/A,N/A,14618,#N/A,,,,
ouQm6p8,9/4/2024,Manager,Connected,Operator,Deferred to Other Stakeholder,24851,Open,,,,
OZDL52E,9/3/2024,,No Answer,N/A,N/A,51812,#N/A,,,,
OZl2201,9/13/2024,Manager,Connected,AI,No Interest,80370,Loss,,,,
OzXt10c5ev,9/6/2024,Manager,Connected,AI,Deferred to Other Stakeholder,18344,Loss,,,,
p1G25bdi6n,9/2/2024,Manager,Connected,Operator,No Interest,35867,Loss,,,,
p21NJn2,9/13/2024,,No Answer,N/A,N/A,91726,#N/A,,,,
p3RqG5Q,9/3/2024,Manager,Connected,AI,Deferred to Other Stakeholder,38255,Open,,,,
p4458nr1YS,9/5/2024,,No Answer,N/A,N/A,28583,#N/A,,,,
p4jwTBI,9/2/2024,Manager,Connected,AI,No Interest,31791,Loss,,,,
p6no3jJ,9/12/2024,,No Answer,N/A,N/A,33630,#N/A,,,,
P8gQ851,9/3/2024,Owner,Connected,Smooth,Engaged,36377,Open,,,,
P8Hm8NU,9/9/2024,Manager,Connected,Operator,Deferred to Other Stakeholder,42859,Open,,,,
p92T9jM,9/11/2024,Manager,Connected,Operator,Deferred to Other Stakeholder,94444,Loss,,,,
PayGm9A,9/3/2024,Owner,Connected,Operator,No interest,43991,Loss,,,,
Pc7r6fF,9/2/2024,,No Answer,N/A,N/A,24538,#N/A,,,,
PGChi26,9/10/2024,Manager,Connected,Operator,No Interest,45633,Loss,,,,
PGi7n72,9/2/2024,,No Answer,N/A,N/A,79060,#N/A,,,,
pj76kcL,9/5/2024,Manager,Connected,Smooth,No Interest,16276,Loss,,,,
plOZIR8,9/2/2024,,No Answer,N/A,N/A,86599,#N/A,,,,
Pm5E8YmO1S,9/6/2024,Manager,Connected,Operator,No Interest,73815,Loss,,,,
Pnd3uV1,9/4/2024,Manager,Connected,Smooth,No Interest,32328,Loss,,,,
Podf1n3,9/4/2024,Owner,Connected,Operator,No interest,11794,Loss,,,,
PQ9x3mL,9/4/2024,,No Answer,N/A,N/A,61742,#N/A,,,,
psbWvTbkrV,9/9/2024,,No Answer,N/A,N/A,29742,#N/A,,,,
PTVDvI2,9/4/2024,,No Answer,N/A,N/A,77252,#N/A,,,,
pu7RfOr68j,9/11/2024,Manager,Connected,Operator,Deferred to Other Stakeholder,77534,Open,,,,
PueDU65,9/5/2024,,No Answer,N/A,N/A,75077,#N/A,,,,
pwfUR5z30A,9/12/2024,,No Answer,N/A,N/A,73066,#N/A,,,,
pZHD2q7,9/10/2024,,No Answer,N/A,N/A,98924,#N/A,,,,
Q066CPzjlz,9/11/2024,Manager,Connected,Operator,No Interest,67880,Loss,,,,
Q2o102T,9/13/2024,Manager,Connected,Smooth,No Interest,89870,Loss,,,,
q4c2CE5,9/12/2024,Owner,Connected,AI,No interest,15961,Loss,,,,
q73L88O,9/11/2024,Manager,Connected,Smooth,Deferred to Other Stakeholder,88554,Loss,,,,
Q7l4S2n3FT,9/11/2024,Manager,Connected,AI,No Interest,44856,Loss,,,,
q7o2M5G,9/12/2024,Owner,Connected,Smooth,Engaged,50072,Open,,,,
Q9o79ZF,9/12/2024,Manager,Connected,Operator,Deferred to Other Stakeholder,19147,Open,,,,
q9qLsRR,9/6/2024,Manager,Connected,Operator,No Interest,48762,Loss,,,,
qAA82yW,9/13/2024,Owner,Connected,AI,Engaged,76865,Win,,,,
qEH3HJ4,9/2/2024,Manager,Connected,AI,No Interest,93267,Loss,,,,
qHhFj1N,9/11/2024,Manager,Connected,AI,Deferred to Other Stakeholder,26759,Loss,,,,
qld770I,9/4/2024,Owner,Connected,AI,No interest,76628,Loss,,,,
qMfO3i6,9/5/2024,,No Answer,N/A,N/A,82556,#N/A,,,,
QO0Wtgt2PE,9/10/2024,Manager,Connected,Operator,Deferred to Other Stakeholder,33999,Open,,,,
qqEMZPR,9/12/2024,,No Answer,N/A,N/A,63362,#N/A,,,,
Qrt7o90,9/3/2024,Owner,Connected,Operator,Deferred to Other Stakeholder,23603,Open,,,,
qSvY96yRF3,9/4/2024,,No Answer,N/A,N/A,76601,#N/A,,,,
QUCmGJpN1o,9/3/2024,Manager,Connected,Operator,Deferred to Other Stakeholder,54758,Open,,,,
QuDDBU1,9/2/2024,,No Answer,N/A,N/A,90392,#N/A,,,,
QUjpxG5,9/9/2024,,No Answer,N/A,N/A,42870,#N/A,,,,
qvU1welUw9,9/2/2024,,No Answer,N/A,N/A,89776,#N/A,,,,
R173OH8,9/10/2024,Manager,Connected,Operator,Deferred to Other Stakeholder,36914,Open,,,,
R2u5U1A,9/3/2024,Manager,Connected,Smooth,Deferred to Other Stakeholder,58112,Loss,,,,
r5At4qu8Qv,9/4/2024,Manager,Connected,Smooth,Deferred to Other Stakeholder,89155,Open,,,,
R5jfw2T,9/10/2024,Owner,Connected,AI,No interest,18347,Loss,,,,
R7z3mw7,9/5/2024,Owner,Connected,AI,Engaged,25546,Loss,,,,
r85F30P,9/12/2024,Manager,Connected,Smooth,Deferred to Other Stakeholder,51184,Loss,,,,
r88ghGu6dN,9/12/2024,Owner,Connected,Operator,No interest,36328,Loss,,,,
rA9YKy1,9/12/2024,Manager,Connected,Operator,No Interest,95401,Loss,,,,
RceifRvq63,9/5/2024,Owner,Connected,AI,Engaged,26547,Loss,,,,
rdA385Z,9/2/2024,,No Answer,N/A,N/A,83510,#N/A,,,,
rGDP5FqulN,9/5/2024,Owner,Connected,Smooth,Engaged,47510,Open,,,,
rj9T1QX,9/9/2024,Manager,Connected,Operator,No Interest,79667,Loss,,,,
rjYLr12,9/12/2024,,No Answer,N/A,N/A,78959,#N/A,,,,
Rk79wr6,9/12/2024,Owner,Connected,Operator,No interest,44350,Loss,,,,
RkbVwLv0lG,9/13/2024,,No Answer,N/A,N/A,35952,#N/A,,,,
Rl5710t180,9/10/2024,Manager,Connected,Smooth,No Interest,71098,Loss,,,,
RM1WeN0,9/11/2024,,No Answer,N/A,N/A,55647,#N/A,,,,
rMcZ9b4,9/9/2024,Manager,Connected,Operator,No Interest,41412,Loss,,,,
RsLi24M,9/4/2024,Manager,Connected,Smooth,No Interest,57139,Loss,,,,
rSyJ46kPIP,9/13/2024,Owner,Connected,Operator,Engaged,91457,Open,,,,
rUymvq9,9/11/2024,Manager,Connected,Smooth,Deferred to Other Stakeholder,77186,Loss,,,,
Rvb4sVsi01,9/3/2024,Manager,Connected,Smooth,No Interest,73926,Loss,,,,
rwS7Cwq9M3,9/3/2024,Owner,Connected,Operator,Engaged,59838,Loss,,,,
RX7s2qy52J,9/10/2024,Manager,Connected,Operator,Deferred to Other Stakeholder,48000,Open,,,,
rYeo9E8,9/2/2024,Manager,Connected,AI,No Interest,78290,Loss,,,,
S0451V9,9/12/2024,Manager,Connected,Operator,Deferred to Other Stakeholder,59851,Open,,,,
s05cUDnHqG,9/5/2024,Manager,Connected,Smooth,Deferred to Other Stakeholder,90983,Loss,,,,
s0HJ2k1,9/10/2024,Manager,Connected,AI,Engaged,60373,Win,,,,
S0xS1y1,9/3/2024,Owner,Connected,Smooth,Engaged,73058,Loss,,,,
S163TJwcd5,9/10/2024,,No Answer,N/A,N/A,77914,#N/A,,,,
S1td83O,9/2/2024,Manager,Connected,Operator,Deferred to Other Stakeholder,44582,Open,,,,
s5o8oVO,9/9/2024,Owner,Connected,Smooth,Engaged,78522,Open,,,,
s6d8d73,9/5/2024,Manager,Connected,Smooth,Deferred to Other Stakeholder,12907,Loss,,,,
S7JGefzGSH,9/10/2024,Manager,Connected,AI,No Interest,56019,Win,,,,
s8ZGXE2,9/10/2024,Manager,Connected,Operator,No Interest,38145,Loss,,,,
S96tdxB,9/5/2024,,No Answer,N/A,N/A,46028,#N/A,,,,
SA2bIts4cC,9/9/2024,Owner,Connected,AI,No interest,27297,Loss,,,,
ScUzZ9I,9/9/2024,,No Answer,N/A,N/A,77077,#N/A,,,,
sddy7W9,9/4/2024,Owner,Connected,Operator,Engaged,46808,Loss,,,,
sesmujnw17,9/3/2024,Manager,Connected,Operator,Deferred to Other Stakeholder,60158,Open,,,,
SeSqnu2,9/2/2024,Owner,Connected,Smooth,No interest,87134,Loss,,,,
SHpDMb5,9/3/2024,Manager,Connected,Smooth,No Interest,20383,Loss,,,,
sL5RjG5,9/2/2024,,No Answer,N/A,N/A,90999,#N/A,,,,
SmFXXQ0,9/6/2024,,No Answer,N/A,N/A,84196,#N/A,,,,
sNuRV6A,9/13/2024,Manager,Connected,Operator,Deferred to Other Stakeholder,23736,Open,,,,
SnYbW2fu7z,9/6/2024,Manager,Connected,Operator,Deferred to Other Stakeholder,48510,Open,,,,
SoBOLfr0AR,9/3/2024,,No Answer,N/A,N/A,68302,#N/A,,,,
Sra3tbkufa,9/2/2024,,No Answer,N/A,N/A,40368,#N/A,,,,
srwMJ88,9/4/2024,Manager,Connected,Operator,No Interest,83537,Loss,,,,
st9zJWQ,9/4/2024,Manager,Connected,Smooth,No Interest,18695,Loss,,,,
SUSoJey5HQ,9/2/2024,Manager,Connected,Operator,No Interest,81106,Loss,,,,
Sx16vCW,9/2/2024,Manager,Connected,Smooth,No Interest,23639,Loss,,,,
sY0p4q4,9/2/2024,Owner,Connected,AI,Engaged,25099,Loss,,,,
sZs8DDtDJQ,9/12/2024,,No Answer,N/A,N/A,99965,#N/A,,,,
T1t7ltZ,9/11/2024,Owner,Connected,Operator,No interest,84599,Loss,,,,
T2y2xkmj59,9/3/2024,,No Answer,N/A,N/A,65538,Win,,,,
T4ZPzLyo1A,9/9/2024,Manager,Connected,Smooth,No Interest,84676,Loss,,,,
t6Go0h2,9/11/2024,,No Answer,N/A,N/A,31704,#N/A,,,,
T79yMG2,9/11/2024,Manager,Connected,Operator,No Interest,61633,Loss,,,,
T7tLZ87,9/13/2024,Manager,Connected,Smooth,No Interest,89467,Loss,,,,
t92STjE,9/3/2024,Manager,Connected,Operator,No Interest,79738,Loss,,,,
t94OUfiyNT,9/10/2024,Manager,Connected,Operator,Deferred to Other Stakeholder,22075,Open,,,,
T9N6Rug4w9,9/9/2024,Manager,Connected,Smooth,Deferred to Other Stakeholder,59315,Open,,,,
TC8NydiKl7,9/5/2024,Manager,Connected,AI,No Interest,10821,Win,,,,
TEF262eWv7,9/6/2024,,No Answer,N/A,N/A,54306,#N/A,,,,
tGUTbhF,9/13/2024,Manager,Connected,Operator,Deferred to Other Stakeholder,59977,Open,,,,
Thooe6lI8z,9/11/2024,Owner,Connected,Operator,Deferred to Other Stakeholder,25667,Open,,,,
TiDSjZX,9/12/2024,Manager,Connected,AI,Engaged,14541,Loss,,,,
tiGZihx66L,9/5/2024,Owner,Connected,Operator,No interest,61778,Loss,,,,
tJH7FK7,9/6/2024,Manager,Connected,AI,No Interest,16404,Loss,,,,
tK5sfCC,9/5/2024,Owner,Connected,Smooth,No interest,80031,Loss,,,,
TkFcIY5,9/2/2024,Owner,Connected,Operator,No interest,40294,Loss,,,,
TlhwMB9,9/3/2024,,No Answer,N/A,N/A,79587,#N/A,,,,
Tlv99xg0Wk,9/11/2024,,No Answer,N/A,N/A,91310,#N/A,,,,
Tm0eE4x5g1,9/3/2024,Manager,Connected,Operator,Deferred to Other Stakeholder,54600,Open,,,,
tqA6ilO,9/4/2024,Owner,Connected,AI,No Interest,49321,Loss,,,,
tRq4apmHNe,9/11/2024,Owner,Connected,Operator,No interest,89606,Loss,,,,
ts9GGPE,9/3/2024,Manager,Connected,AI,Deferred to Other Stakeholder,75539,Loss,,,,
tSXcOYY,9/6/2024,Manager,Connected,Operator,Deferred to Other Stakeholder,80378,Open,,,,
txogIMn04S,9/10/2024,,No Answer,N/A,N/A,20110,#N/A,,,,
ty1AiFB,9/12/2024,,No Answer,N/A,N/A,82164,#N/A,,,,
ty6zCPX,9/10/2024,Manager,Connected,Operator,Deferred to Other Stakeholder,38996,Open,,,,
TY96CrI,9/11/2024,Manager,Connected,Operator,No Interest,83745,Loss,,,,
tYuBppC,9/4/2024,,No Answer,N/A,N/A,64794,#N/A,,,,
U02v7H1,9/9/2024,,No Answer,N/A,N/A,80995,#N/A,,,,
u0ct70oT81,9/2/2024,Manager,Connected,Operator,Engaged,16516,Win,,,,
u0ct70oT85,9/4/2024,Owner,Connected,Operator,Engaged,16516,Win,,,,
U12iLSwk7V,9/12/2024,Manager,Connected,Operator,No Interest,94338,Loss,,,,
u1eh2t7,9/5/2024,Owner,Connected,AI,Engaged,19293,Loss,,,,
u27j9B2,9/2/2024,Manager,Connected,AI,No Interest,30249,Loss,,,,
U2S7Da7,9/12/2024,,No Answer,N/A,N/A,10954,#N/A,,,,
U3F56e5,9/10/2024,,No Answer,N/A,N/A,36952,#N/A,,,,
u3fyO37,9/9/2024,,No Answer,N/A,N/A,16611,#N/A,,,,
U4FK6M6,9/13/2024,Owner,Connected,AI,Engaged,62062,Open,,,,
u6pW9pE,9/5/2024,Manager,Connected,Smooth,No Interest,75531,Loss,,,,
U89pe7J,9/3/2024,Owner,Connected,Operator,Engaged,73975,Loss,,,,
uba2054,9/4/2024,,No Answer,N/A,N/A,68712,#N/A,,,,
ufhBqO3,9/5/2024,Owner,Connected,Operator,No interest,37485,Loss,,,,
UFv1d93,9/12/2024,Owner,Connected,AI,No Interest,44704,Loss,,,,
ugKZ2pP,9/3/2024,Manager,Connected,AI,Deferred to Other Stakeholder,33036,Open,,,,
uI7j6n8,9/12/2024,,No Answer,N/A,N/A,79232,#N/A,,,,
UINlO60,9/10/2024,,No Answer,N/A,N/A,85497,#N/A,,,,
uJgIU2G,9/9/2024,Owner,Connected,Smooth,No interest,25659,Loss,,,,
uOd323J,9/9/2024,,No Answer,N/A,N/A,14122,#N/A,,,,
uPtnkDQ,9/13/2024,,No Answer,N/A,N/A,19787,#N/A,,,,
uqS29Po3Vh,9/2/2024,,No Answer,N/A,N/A,90553,#N/A,,,,
ut18I9tA94,9/2/2024,Manager,Connected,AI,No Interest,28066,Loss,,,,
Uu90a8c8p2,9/6/2024,Manager,Connected,Operator,Engaged,81646,Open,,,,
UuNYLg0,9/5/2024,Manager,Connected,AI,No Interest,52339,Loss,,,,
UUtQL39,9/12/2024,,No Answer,N/A,N/A,91935,#N/A,,,,
UVzztTJ,9/3/2024,Manager,Connected,AI,Deferred to Other Stakeholder,21300,Open,,,,
UxoQDPI,9/10/2024,,No Answer,N/A,N/A,19927,#N/A,,,,
Uzxc8r4,9/5/2024,Owner,Connected,Smooth,Engaged,24985,Win,,,,
V09XN0U,9/12/2024,Owner,Connected,Operator,Deferred to Other Stakeholder,36474,Open,,,,
V3iKpY6,9/6/2024,Manager,Connected,Operator,Engaged,63645,Open,,,,
v65iz5P,9/10/2024,,No Answer,N/A,N/A,64249,Win,,,,
V94l5LH,9/11/2024,Manager,Connected,Operator,No Interest,74945,Loss,,,,
v9e54ns9J3,9/6/2024,Owner,Connected,AI,No interest,51489,Loss,,,,
vb4FR0X,9/2/2024,Manager,Connected,Smooth,No Interest,26392,Loss,,,,
vC4cIFE,9/12/2024,Manager,Connected,Smooth,No Interest,17434,Loss,,,,
VDnQ5h3,9/2/2024,Manager,Connected,Smooth,No Interest,31315,Loss,,,,
vE1Q2m5,9/12/2024,,No Answer,N/A,N/A,20190,#N/A,,,,
vH60O9c0vm,9/5/2024,Manager,Connected,Smooth,Deferred to Other Stakeholder,41781,Open,,,,
VI5C07w8DI,9/13/2024,,No Answer,N/A,N/A,45430,#N/A,,,,
VIbLFkR,9/3/2024,Manager,Connected,AI,Deferred to Other Stakeholder,65371,Loss,,,,
VJ1q2AwRM0,9/11/2024,,No Answer,N/A,N/A,21978,#N/A,,,,
VMcPT3I,9/13/2024,Manager,Connected,AI,No Interest,91589,Loss,,,,
VME6GorE29,9/5/2024,,No Answer,N/A,N/A,91791,#N/A,,,,
Vo6y1vh4Fd,9/13/2024,,No Answer,N/A,N/A,14100,#N/A,,,,
vOsce86,9/4/2024,,No Answer,N/A,N/A,68753,#N/A,,,,
vPh310l2sW,9/4/2024,Manager,Connected,AI,No Interest,51720,Loss,,,,
vsB1rNK,9/11/2024,,No Answer,N/A,N/A,97869,#N/A,,,,
VtVcVKD,9/11/2024,,No Answer,N/A,N/A,36460,#N/A,,,,
Vv2DDVp0lC,9/5/2024,,No Answer,N/A,N/A,45931,#N/A,,,,
Vw1qUvA,9/4/2024,Manager,Connected,AI,No Interest,52855,Loss,,,,
vZE726F,9/3/2024,Manager,Connected,Operator,No Interest,53898,Loss,,,,
VZpu2FK,9/5/2024,,No Answer,N/A,N/A,83780,#N/A,,,,
W09knL6,9/4/2024,,No Answer,N/A,N/A,85805,Loss,,,,
w18N3E6,9/6/2024,Manager,Connected,Smooth,No Interest,68388,Win,,,,
w2DQxC4,9/9/2024,Manager,Connected,Operator,No Interest,99813,Loss,,,,
W5Ie0ET,9/10/2024,Manager,Connected,Operator,No Interest,90791,Loss,,,,
w686m16,9/4/2024,Manager,Connected,Smooth,No Interest,18244,Loss,,,,
w8wEWZ6,9/13/2024,,No Answer,N/A,N/A,98196,#N/A,,,,
wau3471,9/12/2024,Manager,Connected,AI,Engaged,72270,Loss,,,,
Wb6jSR0,9/10/2024,,No Answer,N/A,N/A,93241,#N/A,,,,
WbtFkiZ,9/13/2024,Manager,Connected,Operator,No Interest,66458,Loss,,,,
WdWAE06,9/4/2024,Manager,Connected,Operator,No Interest,47925,Loss,,,,
We67tuE,9/9/2024,,No Answer,N/A,N/A,87938,#N/A,,,,
wF6lLRE,9/11/2024,Owner,Connected,Smooth,Engaged,70860,Open,,,,
WF9F6ZmTt3,9/9/2024,Owner,Connected,AI,No Interest,51415,Loss,,,,
wfY9uJL,9/5/2024,Manager,Connected,Smooth,No Interest,63605,Loss,,,,
WfZ24RhorY,9/6/2024,Owner,Connected,Smooth,Engaged,18988,Open,,,,
WG457Cq01H,9/11/2024,Manager,Connected,Smooth,No Interest,11035,Loss,,,,
WhN5Ta0,9/12/2024,Owner,Connected,AI,No interest,65345,Loss,,,,
WK6W05griV,9/6/2024,Manager,Connected,AI,No Interest,18176,Loss,,,,
woO720xQWj,9/6/2024,Manager,Connected,Operator,No Interest,17031,Loss,,,,
WOW0J9X,9/6/2024,Owner,Connected,AI,No interest,90571,Loss,,,,
WrN5oXJ,9/6/2024,Manager,Connected,AI,No Interest,28315,Loss,,,,
WSHc811,9/12/2024,Manager,Connected,Smooth,No Interest,81403,Loss,,,,
wsp62fpN7f,9/9/2024,Manager,Connected,AI,No Interest,19595,Loss,,,,
WwrvpmiNC8,9/12/2024,Owner,Connected,Smooth,Engaged,94172,Win,,,,
wx0J3WhDy6,9/5/2024,,No Answer,N/A,N/A,81259,#N/A,,,,
WXk9oDH,9/11/2024,Owner,Connected,Smooth,No interest,28324,Loss,,,,
WYykc1V,9/3/2024,,No Answer,N/A,N/A,51936,#N/A,,,,
x06Kx71,9/16/2024,Manager,Connected,Operator,Engaged,19051,Win,,,,
x06Kx74,9/11/2024,Owner,Connected,Operator,Engaged,19051,Win,,,,
x1JShV3,9/3/2024,Manager,Connected,AI,No Interest,32251,Loss,,,,
X3ZdPhqN8A,9/5/2024,,No Answer,N/A,N/A,23998,#N/A,,,,
X5MgVK4,9/5/2024,,No Answer,N/A,N/A,91253,#N/A,,,,
x6MQY6e001,9/3/2024,Manager,Connected,Smooth,No Interest,72029,Loss,,,,
X6R0y3P,9/3/2024,,No Answer,N/A,N/A,32539,#N/A,,,,
X98Dh91,9/10/2024,Manager,Connected,Operator,Engaged,33590,Win,,,,
X98Dh95,9/11/2024,Owner,Connected,Operator,Engaged,33590,Win,,,,
X9ygfZottQ,9/11/2024,Manager,Connected,Operator,Deferred to Other Stakeholder,35094,Open,,,,
Xa2UhU1,9/4/2024,Owner,Connected,Smooth,Engaged,33928,Open,,,,
XAVcqQ3,9/13/2024,Manager,Connected,Operator,Deferred to Other Stakeholder,19510,Open,,,,
Xb2TC1y0Nv,9/2/2024,,No Answer,N/A,N/A,17720,#N/A,,,,
xBA3TVS,9/9/2024,,No Answer,N/A,N/A,40718,#N/A,,,,
xfcluK7,9/6/2024,,No Answer,N/A,N/A,30973,#N/A,,,,
xFFLp74,9/5/2024,,No Answer,N/A,N/A,54330,#N/A,,,,
xHr8T3D,9/6/2024,Manager,Connected,AI,No Interest,13137,Loss,,,,
XjfV376,9/10/2024,,No Answer,N/A,N/A,30294,#N/A,,,,
xM0yT5x26a,9/3/2024,Owner,Connected,Smooth,Engaged,57959,Loss,,,,
Xn2Lkrk28W,9/5/2024,Manager,Connected,Operator,Deferred to Other Stakeholder,54584,Open,,,,
xoU80af6H3,9/4/2024,Owner,Connected,Operator,Engaged,42358,Open,,,,
Xty4W5mwKS,9/12/2024,Owner,Connected,Smooth,Engaged,76800,Win,,,,
y08jDm8,9/11/2024,Owner,Connected,Smooth,No interest,64803,Loss,,,,
Y0TNM8sJdv,9/5/2024,Manager,Connected,AI,No interest,99115,Loss,,,,
y1EiOj1,9/12/2024,Manager,Connected,AI,Engaged,27007,Win,,,,
y1EiOjK,9/13/2024,Owner,Connected,AI,Engaged,27007,Win,,,,
y1IoX22,9/10/2024,Manager,Connected,Smooth,No Interest,99948,Loss,,,,
Y2m64KX,9/4/2024,Owner,Connected,Operator,No interest,16376,Loss,,,,
Y31KviD,9/6/2024,Manager,Connected,AI,No Interest,90381,Loss,,,,
Y34C4K3,9/12/2024,Manager,Connected,Operator,Deferred to Other Stakeholder,66641,Open,,,,
Y3rKk1ht2M,9/9/2024,Manager,Connected,Operator,No Interest,48560,Loss,,,,
Y3wTptD,9/5/2024,,No Answer,N/A,N/A,59005,#N/A,,,,
y9an1bO,9/6/2024,Manager,Connected,Operator,No Interest,40572,Loss,,,,
y9KPDE6,9/4/2024,Manager,Connected,Operator,No Interest,96993,Loss,,,,
yF7GM73,9/11/2024,Manager,Connected,Operator,Deferred to Other Stakeholder,87606,Open,,,,
yfy3yiN,9/5/2024,,No Answer,N/A,N/A,44280,#N/A,,,,
YgQ9K84,9/12/2024,Manager,Connected,AI,No interest,96743,Loss,,,,
YiWY36gh3U,9/4/2024,Owner,Connected,Operator,Engaged,48045,Open,,,,
yjuV1SL,9/4/2024,Manager,Connected,Operator,No Interest,61083,Loss,,,,
yML75XM,9/10/2024,Manager,Connected,Smooth,No Interest,74118,Loss,,,,
ys2opg0,9/11/2024,,No Answer,N/A,N/A,46824,#N/A,,,,
yT52UW1,9/3/2024,Manager,Connected,Operator,Engaged,22044,Win,,,,
yT52UW7,9/6/2024,Owner,Connected,Operator,Engaged,22044,Win,,,,
YwM9rt6,9/6/2024,Owner,Connected,Smooth,No interest,50499,Loss,,,,
yxXn14d75r,9/4/2024,Manager,Connected,AI,No Interest,59718,Loss,,,,
z0JYvIH,9/2/2024,Manager,Connected,Smooth,Engaged,85296,Win,,,,
Z0nUy4f6qv,9/2/2024,,No Answer,N/A,N/A,64233,#N/A,,,,
Z2R15zP,9/4/2024,Owner,Connected,AI,Engaged,36068,Open,,,,
Z46009gSw9,9/12/2024,Manager,Connected,Operator,Engaged,80855,Loss,,,,
Z5NX1hocRC,9/5/2024,Owner,Connected,Operator,Engaged,31872,Open,,,,
Z6m67MnmBu,9/12/2024,Manager,Connected,Smooth,No Interest,84322,Loss,,,,
z770Ic2,9/5/2024,,No Answer,N/A,N/A,85398,#N/A,,,,
z7b6P6V,9/4/2024,Owner,Connected,Smooth,Engaged,88503,Open,,,,
Z8Fx34f4ZV,9/9/2024,Manager,Connected,Operator,Deferred to Other Stakeholder,43603,Open,,,,
Z8ho9HC,9/6/2024,Manager,Connected,Operator,No Interest,38213,Loss,,,,
zA0xrIny3Y,9/13/2024,Owner,Connected,AI,Engaged,74566,Open,,,,
Zf29Q99,9/2/2024,Manager,Connected,Operator,No Interest,93336,Loss,,,,
zf8p8l4,9/3/2024,,No Answer,N/A,N/A,99679,#N/A,,,,
ZJSYoMU,9/13/2024,Owner,Connected,Operator,No interest,68858,Loss,,,,
zJy2203,9/13/2024,,No Answer,N/A,N/A,28494,#N/A,,,,
ZJyPPNN,9/13/2024,,No Answer,N/A,N/A,98317,#N/A,,,,
zNjwX2A,9/6/2024,,No Answer,N/A,N/A,98218,#N/A,,,,
ZOKL2hM,9/5/2024,Manager,Connected,AI,No Interest,72126,Loss,,,,
zp2gtzmF42,9/9/2024,Manager,Connected,Operator,Deferred to Other Stakeholder,43628,Open,,,,
ZS0bCy2,9/13/2024,Owner,Connected,Operator,No interest,37033,Loss,,,,
zS0OI4jbdh,9/5/2024,,No Answer,N/A,N/A,59795,#N/A,,,,
ZteLd7N,9/12/2024,Manager,Connected,AI,No Interest,28647,Loss,,,,
ZTXr9MU,9/10/2024,Manager,Connected,AI,No interest,95355,Loss,,,,
zWbWTuB,9/11/2024,Owner,Connected,Operator,Engaged,34164,Open,,,,
zX9J13a86C,9/11/2024,,No Answer,N/A,N/A,53965,#N/A,,,,
zXDOkrJ,9/11/2024,Manager,Connected,AI,No interest,89309,Loss,,,,
zxtpP89,9/9/2024,Manager,Connected,Operator,No Interest,53535,Loss,,,,
